1	1	4.871
1	2	6.269
1	3	4.493
1	4	4.624
1	5	6.844
1	6	5.355
1	7	14.942
2	1	9.9
2	2	12.565
2	3	16.065
2	4	22.152
2	5	19.2
2	6	19.357
2	7	24.66
2	8	17.659
2	9	19.722
2	10	24.581
2	11	16.64
2	12	13.401
2	13	37.642
2	14	31.948
2	15	13.558
2	16	22.518
2	17	30.198
2	18	12.408
2	19	39.68
2	20	49.868
2	21	21.734
2	22	44.669
2	23	52.114
2	24	24.189
2	25	66.194
2	26	73.091
2	27	39.628
2	28	29.048
2	29	33.332
2	30	55.641
2	31	41.535
2	32	23.327
2	33	50.991
2	34	26.384
2	35	41.3
2	36	38.635
2	37	25.339
2	38	30.041
2	39	24.372
2	40	29.048
2	41	37.46
2	42	15.961
2	43	13.453
2	44	25.495
2	45	19.958
2	46	19.827
2	47	25.104
2	48	32.784
2	49	39.811
2	50	25.208
2	51	24.006
2	52	16.875
2	53	14.733
2	54	53.812
2	55	25.678
2	56	14.838
2	57	40.255
2	58	36.415
2	59	28.186
2	60	42.815
2	61	119.745
2	62	53.029
2	63	28.238
2	64	26.305
2	65	20.114
2	66	18.573
2	67	37.329
2	68	34.952
2	69	32.993
2	70	39.079
2	71	40.829
2	72	20.898
2	73	24.033
2	74	62.589
2	75	30.041
2	76	63.478
2	77	15.935
2	78	22.936
2	79	45.296
2	80	35.239
2	81	28.395
2	82	21.551
2	83	54.491
2	84	25.365
2	85	93.623
2	86	22.857
2	87	51.67
2	88	17.998
2	89	43.964
2	90	46.263
2	91	48.222
2	92	21.603
2	93	52.114
2	94	25.913
2	95	20.715
2	96	42.475
2	97	32.052
2	98	26.279
2	99	20.245
2	100	21.603
2	101	48.875
2	102	134.478
2	103	22.335
2	104	25.913
2	105	39.941
2	106	29.283
2	107	27.925
2	108	27.559
2	109	60.395
2	110	36.754
2	111	32.026
2	112	27.533
2	113	55.275
2	114	49.659
2	115	24.978
2	116	25.004
2	117	21.713
2	118	45.328
2	119	21.452
2	120	51.78
2	121	32.423
2	122	25.814
2	123	29.315
2	124	39.528
2	125	48.933
2	126	54.784
2	127	27.382
2	128	34.905
2	129	33.886
2	130	34.173
2	131	15.783
2	132	44.126
2	133	55.019
2	134	28.426
2	135	26.938
2	136	73.226
2	137	39.006
2	138	18.578
2	139	31.979
2	140	57.266
2	141	23.176
2	142	38.431
2	143	85.791
2	144	64.267
2	145	47.835
2	146	23.829
2	147	11.29
2	148	31.222
2	149	24.142
2	150	55.724
2	151	40.338
2	152	12.831
2	153	21.504
2	154	23.881
2	155	27.904
2	156	24.142
2	157	20.668
2	158	40.051
2	159	40.051
2	160	22.915
2	161	24.508
2	162	17.586
2	163	16.776
2	164	97.494
2	165	56.377
2	166	19.257
2	167	42.141
2	168	32.11
2	169	22.131
2	170	43.917
2	171	32.449
2	172	27.512
2	173	45.145
2	174	64.919
2	175	24.325
2	176	25.396
2	177	135.006
2	178	73.331
2	179	16.933
2	180	30.777
2	181	27.826
2	182	28.218
2	183	25.997
2	184	65.886
2	185	77.458
2	186	34.095
2	187	124.505
2	188	33.494
2	189	48.567
2	190	27.8
2	191	55.28
2	192	10.95
2	193	28.531
2	194	42.115
2	195	26.99
2	196	128.136
2	197	57.344
2	198	67.244
2	199	24.43
2	200	43.316
2	201	27.591
2	202	17.586
2	203	47.94
2	204	26.075
2	205	24.169
2	206	22.836
2	207	23.411
2	208	35.741
2	209	25.083
2	210	36.159
2	211	35.244
2	212	31.509
2	213	86.183
2	214	54.079
2	215	43.029
2	216	41.775
2	217	104.234
2	218	30.333
2	219	56.56
2	220	55.489
2	221	89.475
2	222	54.601
2	223	38.536
2	224	29.21
2	225	30.83
2	226	26.937
2	227	11.943
2	228	86.366
2	229	103.659
2	230	62.621
2	231	96.658
2	232	80.227
2	233	139.447
2	234	56.325
2	235	100.446
2	236	49.951
2	237	76.884
2	238	17.821
2	239	30.777
2	240	57.057
2	241	16.332
2	242	17.324
2	243	45.302
2	244	17.481
2	245	32.475
2	246	104.495
2	247	78.347
2	248	63.195
2	249	141.066
2	250	32.371
2	251	54.889
2	252	20.694
2	253	102.353
2	254	27.956
2	255	60.479
2	256	30.412
2	257	37.621
2	258	52.668
2	259	87.62
2	260	56.43
2	261	38.745
2	262	42.95
2	263	23.228
2	264	87.62
2	265	53.217
2	266	71.215
2	267	59.46
2	268	30.699
2	269	30.151
2	270	32.737
2	271	38.092
2	272	53.53
2	273	67.349
2	274	33.468
2	275	83.493
2	276	21.635
2	277	34.226
2	278	23.437
2	279	31.091
2	280	30.307
2	281	26.311
2	282	259.715
2	283	63.091
2	284	51.519
2	285	53.896
2	286	88.56
3	1	10.397
3	2	14.237
3	3	21.42
3	4	37.956
3	5	15.987
3	6	25.156
3	7	96.026
3	8	25.104
3	9	25.078
3	10	33.463
3	11	29.074
3	12	17.894
3	13	55.275
3	14	46.681
3	15	58.436
3	16	24.816
3	17	19.435
3	18	33.228
3	19	45.923
3	20	56.738
3	21	50.678
3	22	22.674
3	23	19.957
3	24	23.536
3	25	14.472
3	26	41.613
3	27	25.495
3	28	38.034
3	29	25.287
3	30	41.404
3	31	22.883
3	32	17.711
3	33	19.618
3	34	14.498
3	35	25.94
3	36	44.931
3	37	58.018
3	38	23.928
3	39	43.494
3	40	28.5
3	41	37.12
3	42	25.025
3	43	14.341
3	44	36.571
3	45	42.24
3	46	14.968
3	47	41.195
3	48	14.002
3	49	85.629
3	50	37.094
3	51	19.722
3	52	41.326
3	53	22.805
3	54	15.073
3	55	64.366
3	56	24.294
3	57	24.268
3	58	12.539
3	59	23.667
3	60	14.655
3	61	69.982
3	62	27.925
3	63	15.02
3	64	67.553
3	65	33.672
3	66	41.848
3	67	25.94
3	68	28.029
3	69	27.611
3	70	19.513
3	71	21.264
3	72	32.496
3	73	55.641
3	74	17.293
3	75	62.772
3	76	17.241
3	77	52.088
3	78	54.073
3	79	52.558
3	80	32.209
3	81	70.635
3	82	15.099
3	83	25.783
3	84	67.474
3	85	22.256
3	86	38.74
3	87	22.518
3	88	17.162
3	89	18.965
3	90	30.955
3	91	40.542
3	92	30.276
3	93	48.771
3	94	18.73
3	95	24.764
3	96	20.689
3	97	50.338
3	98	22.518
3	99	38.975
3	100	22.779
3	101	27.507
3	102	21.081
3	103	62.825
3	104	28.813
3	105	27.585
3	106	34.247
3	107	18.521
3	108	20.506
3	109	17.319
3	110	42.893
3	111	24.189
3	112	61.362
3	113	34.142
3	114	32.47
3	115	21.264
3	116	34.22
3	117	41.143
3	118	64.418
3	119	68.049
3	120	41.3
3	121	21.107
3	122	27.115
3	123	23.223
3	124	26.096
3	125	34.717
3	126	29.518
3	127	19.174
3	128	18.651
3	129	31.295
3	130	26.723
3	131	12.121
3	132	12.147
3	133	27.037
3	134	32.758
3	135	48.771
3	136	35.004
3	137	22.413
3	138	15.308
3	139	20.193
3	140	46.211
3	141	14.602
3	142	23.249
3	143	26.358
3	144	48.509
3	145	46.263
3	146	41.718
3	147	35.318
3	148	23.824
3	149	28.526
3	150	12.696
3	151	37.381
3	152	80.039
3	153	56.006
3	154	143.83
3	155	39.523
3	156	76.957
3	157	25.287
3	158	13.349
3	159	55.04
3	160	34.09
3	161	33.28
3	162	26.384
3	163	20.741
3	164	56.921
3	165	40.803
3	166	20.715
3	167	65.62
3	168	31.112
3	169	26.279
3	170	35.892
3	171	23.798
3	172	23.275
3	173	25.13
3	174	26.619
3	175	23.902
3	176	36.598
3	177	18.939
3	178	36.258
3	179	61.544
3	180	55.51
3	181	39.706
3	182	19.435
3	183	56.242
3	184	23.641
3	185	46.655
3	186	47.83
3	187	50.312
3	188	45.949
3	189	18.364
3	190	22.909
3	191	53.133
3	192	24.712
3	193	48.039
3	194	26.044
3	195	96.183
3	196	13.453
3	197	18.86
3	198	39.471
3	199	56.581
3	200	21.029
4	1	66.377
4	2	37.93
4	3	51.827
4	4	30.929
4	5	31.713
4	6	86.309
4	7	40.02
4	8	24.895
4	9	31.269
4	10	28.186
4	11	144.744
4	12	157.179
4	13	39.471
4	14	26.41
4	15	48.666
4	16	34.717
4	17	42.162
4	18	46.028
4	19	79.099
4	20	42.24
4	21	22.1
4	22	38.086
4	23	155.768
4	24	88.163
4	25	78.184
4	26	16.718
4	27	15.334
4	28	11.024
4	29	37.015
4	30	16.666
4	31	18.86
4	32	35.004
4	33	28.421
4	34	60.134
4	35	30.851
4	36	42.162
4	37	23.771
4	38	26.384
4	39	21.081
4	40	19.096
4	41	19.566
4	42	17.345
4	43	76.878
4	44	17.737
4	45	16.248
4	46	52.767
4	47	46.315
4	48	25.391
4	49	20.01
4	50	16.431
4	51	25.992
4	52	15.804
4	53	11.52
4	54	29.44
4	55	16.536
4	56	31.164
4	57	37.512
4	58	40.594
4	59	46.733
4	60	51.984
4	61	21.551
4	62	33.463
4	63	23.902
4	64	39.131
4	65	31.687
4	66	39.314
4	67	13.192
4	68	8.856
4	69	37.46
4	70	16.379
4	71	18.129
4	72	24.32
4	73	31.896
4	74	33.123
4	75	51.931
4	76	44.434
4	77	91.768
4	78	64.366
4	79	37.46
4	80	24.555
4	81	45.531
4	82	22.335
4	83	50.39
4	84	36.18
4	85	37.407
4	86	27.925
4	87	29.179
4	88	35.082
4	89	55.092
4	90	69.956
4	91	65.463
4	92	112.823
4	93	32.679
4	94	89.496
4	95	67.631
4	96	18.469
4	97	51.487
4	98	19.252
4	99	17.554
4	100	44.095
4	101	30.511
4	102	109.009
4	103	35.239
4	104	36.023
4	105	32.078
4	106	15.412
4	107	22.909
4	108	31.138
4	109	44.878
4	110	24.398
4	111	19.54
4	112	26.044
4	113	62.38
4	114	43.703
4	115	37.616
4	116	30.38
4	117	22.831
4	118	19.775
4	119	51.409
4	120	17.554
4	121	15.438
4	122	40.856
4	123	36.389
4	124	27.638
4	125	32.131
4	126	20.532
4	127	80.64
4	128	57.365
4	129	46.054
4	130	22.021
4	131	52.114
4	132	16.405
4	133	22.674
4	134	27.376
4	135	75.651
4	136	58.697
4	137	33.541
4	138	11.886
4	139	34.011
4	140	58.88
4	141	78.158
4	142	57.051
4	143	32.758
4	144	38.505
4	145	17.215
4	146	36.833
4	147	23.536
4	148	23.458
4	149	24.634
4	150	49.894
4	151	22.7
4	152	33.698
4	153	70.034
4	154	32.862
4	155	42.998
4	156	13.322
4	157	54.387
4	158	15.752
4	159	23.98
4	160	28.317
4	161	28.291
4	162	58.775
4	163	50.782
4	164	20.297
4	165	23.171
4	166	25.574
4	167	14.028
4	168	14.524
4	169	18.155
4	170	37.825
4	171	85.133
4	172	33.097
4	173	45.636
4	174	24.372
4	175	26.436
4	176	77.714
5	1	39.628
5	2	110.838
5	3	109.688
5	4	59.481
5	5	97.385
5	6	123.794
5	7	37.564
5	8	55.249
5	9	18.233
5	10	19.278
5	11	45.035
5	12	97.437
5	13	63.373
5	14	59.533
5	15	45.636
5	16	36.989
5	17	65.385
5	18	63.713
5	19	60.291
5	20	52.088
5	21	26.149
5	22	46.916
5	23	41.796
5	24	42.214
5	25	25.287
5	26	30.798
5	27	42.344
5	28	32.209
5	29	31.399
5	30	21.055
5	31	46.341
5	32	96.078
5	33	66.691
5	34	22.439
5	35	26.619
5	36	38.87
5	37	24.163
5	38	32.287
5	39	28.186
5	40	39.654
5	41	94.746
5	42	50.233
5	43	30.25
5	44	86.178
5	45	60.317
5	46	47.308
5	47	31.478
5	48	108.33
5	49	65.306
5	50	20.611
5	51	50.39
5	52	48.849
5	53	35.135
5	54	75.912
5	55	26.593
5	56	20.349
5	57	44.095
5	58	23.98
5	59	38.139
5	60	54.204
5	61	29.858
5	62	24.242
5	63	26.175
5	64	97.411
5	65	25.861
5	66	50.442
5	67	45.662
5	68	58.07
5	69	54.23
5	70	47.673
5	71	38.975
5	72	66.064
5	73	49.058
5	74	18.26
5	75	46.602
5	76	25.051
5	77	62.642
5	78	31.295
5	79	20.872
5	80	36.754
5	81	32.522
5	82	60.682
5	83	38.896
5	84	27.298
5	85	31.687
5	86	18.024
5	87	31.791
5	88	26.723
5	89	92.474
5	90	36.702
5	91	39.993
5	92	29.989
5	93	51.304
5	94	67.161
5	95	84.349
5	96	32.731
5	97	40.568
5	98	16.013
5	99	17.528
5	100	27.873
5	101	36.101
5	102	15.386
5	103	44.957
5	104	39.419
5	105	37.773
5	106	83.069
5	107	56.607
5	108	42.318
5	109	25.365
5	110	104.229
5	111	23.876
5	112	35.657
5	113	24.059
5	114	43.807
5	115	34.978
5	116	66.874
5	117	51.461
5	118	22.936
5	119	46.237
5	120	20.036
6	1	28.996
6	2	31.007
6	3	18.625
6	4	20.715
6	5	27.429
6	6	67.918
6	7	31.608
6	8	24.398
6	9	19.069
6	10	24.268
6	11	18.051
6	12	45.688
6	13	17.398
6	14	38.949
6	15	15.595
6	16	17.45
6	17	28.526
6	18	16.875
6	19	75.389
6	20	35.579
6	21	23.066
6	22	25.783
6	23	22.518
6	24	21.316
6	25	71.863
6	26	20.349
6	27	28.238
6	28	25.835
6	29	18.364
6	30	37.251
6	31	53.969
6	32	31.112
6	33	33.019
6	34	43.285
6	35	50.991
6	36	24.268
6	37	35.448
6	38	45.74
6	39	34.9
6	40	26.331
6	41	21.943
6	42	28.735
6	43	29.701
6	44	51.095
6	45	18.521
6	46	34.168
6	47	18.965
6	48	24.555
6	49	16.718
6	50	49.502
6	51	29.492
6	52	60.682
6	53	35.239
6	54	50.678
6	55	13.897
6	56	35.736
6	57	41.43
6	58	25.13
6	59	52.271
6	60	47.308
6	61	35.553
6	62	23.589
6	63	34.246
6	64	19.435
6	65	47.308
6	66	16.64
6	67	13.401
6	68	43.259
6	69	23.562
6	70	87.145
6	71	73.77
6	72	17.894
6	73	46.916
6	74	27.455
6	75	20.219
6	76	28.865
6	77	35.814
6	78	36.911
6	79	23.223
6	80	60.891
6	81	45.401
6	82	24.686
6	83	33.541
6	84	49.816
6	85	18.103
6	86	19.174
6	87	27.977
6	88	26.749
6	89	39.236
6	90	33.593
6	91	86.936
6	92	46.89
6	93	89.887
6	94	64.131
6	95	36.127
6	96	25.182
6	97	29.806
6	98	32.653
6	99	115.278
6	100	35.84
6	101	34.09
6	102	33.515
6	103	18.207
6	104	32.888
6	105	19.122
6	106	26.41
6	107	32.34
6	108	48.17
6	109	46.211
6	110	31.451
6	111	47.987
6	112	43.128
6	113	24.137
6	114	45.845
6	115	21.394
6	116	30.485
6	117	20.323
6	118	18.547
6	119	51.644
6	120	26.828
6	121	44.408
6	122	40.803
6	123	29.832
6	124	54.935
6	125	49.659
6	126	21.812
6	127	19.357
6	128	73.691
6	129	17.711
6	130	67.37
6	131	18.521
6	132	21.473
6	133	37.112
6	134	18.581
6	135	35.709
6	136	63.138
6	137	44.173
6	138	64.888
6	139	47.909
6	140	40.62
6	141	81.11
6	142	35.814
6	143	54.152
6	144	79.203
6	145	75.912
6	146	56.346
6	147	25.469
6	148	72.725
6	149	17.868
6	150	57.992
6	151	87.275
6	152	68.833
6	153	36.911
6	154	41.561
6	155	20.558
6	156	32.549
6	157	71.123
6	158	67.352
6	159	39.21
6	160	36.676
6	161	35.161
6	162	18.103
6	163	17.528
6	164	55.745
6	165	57.835
7	1	14.263
7	2	22.779
7	3	30.616
7	4	21.081
7	5	26.331
7	6	18.181
7	7	17.528
7	8	22.805
7	9	26.253
7	10	19.278
7	11	38.949
7	12	23.484
7	13	17.554
7	14	10.867
7	15	9.378
7	16	14.733
7	17	27.585
7	18	26.671
7	19	30.041
7	20	52.715
7	21	14.602
7	22	62.302
7	23	26.854
7	24	22.491
7	25	16.065
7	26	43.102
7	27	78.263
7	28	46.707
7	29	33.463
7	30	39.549
7	31	32.418
7	32	48.614
7	33	35.082
7	34	22.596
7	35	32.078
7	36	24.477
7	37	69.878
7	38	77.479
7	39	23.562
7	40	41.352
7	41	22.674
7	42	28.317
7	43	70.296
7	44	49.868
7	45	20.585
7	46	42.292
7	47	24.66
7	48	35.239
7	49	36.049
7	50	40.072
7	51	41.3
7	52	22.7
7	53	80.274
7	54	71.027
7	55	19.67
7	56	27.69
7	57	59.899
7	58	31.869
7	59	32.653
7	60	18.651
7	61	19.331
7	62	19.096
7	63	29.153
7	64	30.354
7	65	25.495
7	66	27.037
7	67	18.913
7	68	12.722
7	69	54.073
7	70	34.795
7	71	55.85
7	72	27.481
7	73	66.56
7	74	47.36
7	75	43.233
7	76	20.01
7	77	25.731
7	78	13.558
7	79	25.966
7	80	23.38
7	81	24.007
7	82	28.63
7	83	15.412
7	84	18.678
7	85	58.175
7	86	35.762
7	87	32.862
7	88	32.81
7	89	55.249
7	90	17.789
7	91	10.449
7	92	21.629
7	93	22.204
7	94	26.802
7	95	34.116
7	96	36.728
7	97	20.767
7	98	15.203
7	99	18.469
7	100	33.515
7	101	38.4
7	102	18.782
7	103	29.492
7	104	14.08
7	105	30.903
7	106	18.625
7	107	11.886
7	108	14.158
7	109	13.558
7	110	16.144
7	111	14.263
7	112	7.941
7	113	21.682
7	114	11.18
7	115	24.477
7	116	27.063
7	117	18.495
7	118	11.363
7	119	10.945
7	120	8.49
7	121	12.434
7	122	8.49
7	123	34.534
7	124	21.368
7	125	15.046
7	126	39.549
7	127	44.016
7	128	36.493
7	129	41.169
7	130	24.189
7	131	50.599
7	132	19.853
7	133	35.474
7	134	43.207
7	135	20.402
7	136	26.331
7	137	57.913
7	138	49.946
7	139	20.976
7	140	21.708
7	141	43.964
7	142	51.409
7	143	82.651
7	144	30.459
7	145	45.714
7	146	75.546
7	147	28.996
7	148	43.52
7	149	34.038
7	150	78.524
7	151	21.499
7	152	28.212
7	153	28.186
7	154	26.488
7	155	82.233
7	156	59.847
7	157	106.083
7	158	68.206
7	159	17.45
7	160	94.25
7	161	37.172
7	162	38.269
7	163	28.029
7	164	24.555
7	165	25.678
7	166	11.99
7	167	27.533
7	168	25.469
7	169	51.487
7	170	18.338
7	171	38.191
7	172	40.411
7	173	28.029
7	174	10.736
7	175	21.107
7	176	45.923
7	177	16.823
7	178	17.946
7	179	46.184
7	180	29.414
7	181	14.211
7	182	13.714
7	183	10.005
7	184	19.618
7	185	34.769
7	186	16.274
7	187	63.164
7	188	42.24
7	189	49.136
7	190	30.981
7	191	11.102
7	192	15.647
7	193	23.798
7	194	25.13
7	195	41.639
7	196	15.83
7	197	18.86
7	198	20.062
7	199	11.912
7	200	23.353
7	201	19.775
7	202	12.931
7	203	39.21
7	204	15.465
7	205	25.626
7	206	19.853
8	1	38.322
8	2	31.269
8	3	14.028
8	4	23.876
8	5	20.794
8	6	20.611
8	7	48.823
8	8	12.696
8	9	24.268
8	10	33.541
8	11	47.255
8	12	37.433
8	13	29.597
8	14	14.184
8	15	23.51
8	16	40.359
8	17	39.915
8	18	12.356
8	19	42.684
8	20	26.201
8	21	14.054
8	22	19.775
8	23	21.264
8	24	41.77
8	25	28.473
8	26	50.782
8	27	24.633
8	28	26.41
8	29	38.008
8	30	29.989
8	31	33.123
8	32	29.623
8	33	21.786
8	34	43.886
8	35	26.671
8	36	46.811
8	37	37.016
8	38	25.495
8	39	31.478
8	40	24.947
8	41	87.197
8	42	64.862
8	43	36.336
8	44	42.136
8	45	20.898
8	46	23.118
8	47	30.354
8	48	73.509
8	49	31.478
8	50	27.585
8	51	17.058
8	52	32.862
8	53	31.425
8	54	38.478
8	55	17.737
8	56	21.394
8	57	19.278
8	58	30.145
8	59	17.398
8	60	57.313
8	61	21.264
8	62	26.88
8	63	39.001
8	64	15.804
8	65	54.544
8	66	54.439
8	67	34.482
8	68	19.801
8	69	24.006
8	70	61.414
8	71	24.137
8	72	88.973
8	73	27.298
8	74	38.478
8	75	40.96
9	1	19.618
9	2	24.947
9	3	60.552
9	4	49.136
9	5	51.749
9	6	33.62
9	7	50.86
9	8	33.097
9	9	28.369
9	10	20.767
9	11	31.739
9	12	52.454
9	13	47.282
9	14	25.469
9	15	25.809
9	16	48.562
9	17	41.77
9	18	65.149
9	19	53.603
9	20	39.549
9	21	24.346
9	22	22.309
9	23	51.514
9	24	97.802
9	25	49.11
9	26	40.176
9	27	22.57
9	28	57.731
9	29	56.085
9	30	53.655
9	31	57.548
9	32	28.761
9	33	28.238
9	34	48.091
9	35	35.866
9	36	72.098
9	37	62.302
9	38	47.595
9	39	31.242
9	40	70.609
9	41	34.273
9	42	48.118
9	43	24.137
9	44	32.888
9	45	27.089
9	46	28.291
9	47	37.198
9	48	27.873
9	49	31.739
9	50	32.392
9	51	27.376
9	52	49.345
9	53	25.313
9	54	53.577
9	55	36.049
9	56	25.391
9	57	19.54
9	58	26.488
9	59	48.614
9	60	65.567
9	61	49.946
9	62	26.906
9	63	33.593
9	64	36.101
9	65	34.011
9	66	38.322
9	67	46.838
9	68	39.105
9	69	80.849
9	70	56.503
9	71	59.664
9	72	51.278
9	73	31.66
9	74	83.801
9	75	24.607
9	76	20.036
9	77	27.35
9	78	23.118
9	79	43.18
9	80	45.27
9	81	55.85
9	82	18.965
9	83	50.312
9	84	33.175
9	85	30.537
9	86	30.72
9	87	18.756
9	88	36.519
9	89	26.227
9	90	36.571
9	91	45.819
9	92	48.535
9	93	36.676
9	94	55.797
9	95	41.848
9	96	26.436
9	97	31.321
9	98	37.616
9	99	40.098
9	100	53.133
9	101	37.381
9	102	30.302
9	103	29.388
9	104	25.835
9	105	33.332
9	106	23.171
9	107	50.26
9	108	40.15
9	109	39.419
9	110	28.839
9	111	75.311
9	112	40.333
9	113	33.829
9	114	42.527
9	115	29.048
9	116	31.138
9	117	55.353
9	118	63.242
9	119	17.528
9	120	90.201
9	121	31.373
9	122	48.457
9	123	33.724
9	124	40.202
9	125	21.943
9	126	27.115
9	127	36.963
9	128	26.488
9	129	25.652
10	1	16.875
10	2	45.819
10	3	50.651
10	4	52.741
10	5	45.113
10	6	25.078
10	7	30.433
10	8	13.322
10	9	32.653
10	10	32.653
10	11	33.985
10	12	63.608
10	13	35.291
10	14	20.663
10	15	67.631
10	16	35.082
10	17	24.424
10	18	56.033
10	19	34.717
10	20	36.545
10	21	44.356
10	22	102.269
10	23	55.562
10	24	115.67
10	25	21.316
10	26	34.612
10	27	54.387
10	28	42.397
10	29	21.159
10	30	33.724
10	31	46.028
10	32	21.969
10	33	14.89
10	34	26.567
10	35	45.897
10	36	26.645
10	37	25.339
10	38	25.887
10	39	29.362
10	40	19.958
10	41	25.835
10	42	19.879
10	43	19.2
10	44	17.659
10	45	33.071
10	46	23.589
10	47	23.406
10	48	12.643
10	49	38.301
10	50	20.199
10	51	25.078
10	52	19.305
10	53	26.802
10	54	33.829
10	55	28.709
10	56	9.247
10	57	30.276
10	58	17.528
10	59	36.362
10	60	34.246
10	61	63.791
10	62	17.659
10	63	9.43
10	64	26.854
10	65	21.211
10	66	41.482
10	67	27.716
10	68	42.762
10	69	14.237
10	70	24.451
10	71	60.317
10	72	25.495
10	73	35.997
10	74	41.822
10	75	29.205
10	76	22.57
10	77	23.353
10	78	31.791
10	79	12.748
10	80	22.178
10	81	30.929
10	82	13.427
10	83	43.102
10	84	24.477
10	85	22.805
10	86	13.087
10	87	34.116
10	88	54.021
10	89	25.992
10	90	58.384
10	91	16.666
10	92	27.742
10	93	47.334
10	94	40.385
10	95	20.323
10	96	13.558
10	97	16.954
10	98	61.492
10	99	27.481
10	100	26.227
10	101	24.137
10	102	30.25
10	103	24.32
10	104	46.42
10	105	16.901
10	106	25.495
10	107	44.356
10	108	45.087
10	109	22.648
11	1	22.491
11	2	20.323
11	3	63.791
11	4	15.36
11	5	44.069
11	6	24.372
11	7	41.195
11	8	26.749
11	9	15.386
11	10	24.32
11	11	14.733
11	12	40.882
11	13	21.368
11	14	22.1
11	15	15.125
11	16	18.338
11	17	49.006
11	18	30.433
11	19	14.158
11	20	32.836
11	21	15.177
11	22	8.49
11	23	20.95
11	24	19.122
11	25	13.505
11	26	18.625
11	27	32.47
11	28	27.559
11	29	37.564
11	30	17.894
11	31	57.809
11	32	19.984
11	33	17.842
11	34	25.574
11	35	20.245
11	36	21.473
11	37	18.155
11	38	26.41
11	39	16.745
11	40	38.4
11	41	19.357
11	42	23.876
11	43	31.687
11	44	36.493
11	45	21.264
11	46	30.955
11	47	26.044
11	48	34.429
11	49	32.575
11	50	26.41
11	51	21.342
11	52	38.661
11	53	22.753
11	54	30.302
11	55	13.662
11	56	34.847
11	57	38.217
11	58	25.051
11	59	22.413
11	60	33.646
11	61	46.002
11	62	38.374
11	63	33.672
11	64	29.257
11	65	20.166
11	66	30.851
11	67	12.565
11	68	19.931
11	69	28.944
11	70	32.94
11	71	20.95
11	72	23.589
11	73	28.186
11	74	17.868
11	75	13.453
11	76	28.735
11	77	23.484
11	78	49.11
11	79	19.305
11	80	18.86
11	81	52.062
11	82	25.783
11	83	15.099
11	84	48.248
11	85	25.809
11	86	22.727
11	87	37.068
11	88	56.738
11	89	37.407
11	90	22.413
11	91	34.377
11	92	32.496
11	93	34.429
11	94	39.419
11	95	16.405
11	96	13.218
11	97	18.051
11	98	18.103
11	99	19.383
11	100	21.107
11	101	41.169
11	102	21.316
11	103	26.41
11	104	11.128
11	105	16.17
11	106	15.047
11	107	24.79
11	108	28.447
11	109	37.825
11	110	32.418
11	111	21.473
11	112	21.211
11	113	27.246
11	114	29.989
11	115	13.244
11	116	41.012
11	117	14.707
11	118	21.76
11	119	29.649
11	120	33.541
11	121	15.856
11	122	10.736
11	123	29.179
12	1	14.132
12	2	16.797
12	3	28.395
12	4	24.451
12	5	27.324
12	6	65.724
12	7	16.692
12	8	24.764
12	9	24.163
12	10	28.787
12	11	21.708
12	12	15.7
12	13	23.902
12	14	16.823
12	15	33.855
12	16	14.446
12	17	45.061
12	18	37.616
12	19	39.001
12	20	21.211
12	21	65.149
12	22	22.047
12	23	44.983
12	24	40.385
12	25	41.169
12	26	33.698
12	27	18.155
12	28	25.652
12	29	23.589
12	30	35.735
12	31	76.852
12	32	40.62
12	33	34.873
12	34	20.558
12	35	18.651
12	36	58.828
12	37	51.122
12	38	50.103
12	39	20.271
12	40	73.169
12	41	36.885
12	42	29.309
12	43	50.599
12	44	20.245
12	45	20.349
12	46	43.259
12	47	26.279
12	48	25.051
12	49	19.879
12	50	42.919
12	51	50.39
12	52	22.152
12	53	32.313
12	54	30.015
12	55	16.614
12	56	37.198
12	57	16.588
12	58	14.472
12	59	28.578
12	60	16.666
12	61	12.434
12	62	26.985
12	63	29.806
12	64	28.839
12	65	44.983
12	66	39.706
12	67	48.248
12	68	42.136
12	69	25.626
12	70	25.051
12	71	10.527
12	72	16.3
12	73	17.607
12	74	12.826
12	75	19.827
12	76	53.655
12	77	38.139
12	78	28.761
12	79	26.149
12	80	53.42
12	81	42.867
12	82	21.211
12	83	32.131
12	84	20.245
12	85	16.614
12	86	20.454
12	87	30.198
12	88	37.773
12	89	15.569
12	90	43.259
12	91	17.946
12	92	21.551
12	93	22.283
12	94	23.406
12	95	11.207
12	96	37.355
12	97	19.357
12	98	18.364
12	99	24.033
12	100	79.255
12	101	45.531
12	102	28.97
12	103	13.767
12	104	16.535
12	105	20.167
12	106	13.793
12	107	24.869
12	108	32.81
12	109	53.081
12	110	43.964
12	111	49.267
13	1	39.314
13	2	55.798
13	3	46.994
13	4	77.322
13	5	52.95
13	6	37.721
13	7	32.522
13	8	28.003
13	9	12.095
13	10	27.899
13	11	61.989
13	12	19.226
13	13	47.83
13	14	49.528
13	15	23.798
13	16	86.204
13	17	84.532
13	18	52.036
13	19	27.298
13	20	16.745
13	21	26.175
13	22	48.901
13	23	36.624
13	24	15.256
13	25	36.519
13	26	22.831
13	27	31.53
13	28	18.73
13	29	12.278
13	30	46.707
13	31	71.68
13	32	20.402
13	33	53.812
13	34	21.185
13	35	37.094
13	36	42.841
13	37	32.549
13	38	38.792
13	39	18.39
13	40	24.477
13	41	25.704
13	42	28.97
13	43	25.182
14	1	30.302
14	2	20.297
14	3	30.772
14	4	35.37
14	5	38.086
14	6	61.806
14	7	22.909
14	8	23.902
14	9	74.58
14	10	67.683
14	11	50.312
14	12	37.303
14	13	34.299
14	14	18.913
14	15	11.233
14	16	15.517
14	17	34.743
14	18	35.997
14	19	22.7
14	20	11.389
14	21	75.598
14	22	86.413
14	23	34.769
14	24	27.194
14	25	26.854
14	26	22.1
14	27	35.657
14	28	19.148
14	29	11.834
14	30	25.783
14	31	38.139
14	32	44.46
14	33	20.767
14	34	34.064
14	35	22.021
14	36	32.157
14	37	56.477
14	38	28.16
14	39	24.895
14	40	19.67
14	41	16.927
14	42	28.761
14	43	19.069
14	44	50.364
14	45	27.115
14	46	20.167
14	47	23.85
14	48	21.76
14	49	13.166
14	50	16.405
14	51	18.965
14	52	26.462
15	1	19.722
15	2	13.061
15	3	17.554
15	4	16.797
15	5	12.591
15	6	16.144
15	7	17.11
15	8	18.808
15	9	19.357
15	10	8.673
15	11	12.121
15	12	7.654
15	13	8.908
15	14	14.184
15	15	13.27
15	16	14.681
15	17	8.594
15	18	9.822
15	19	19.905
15	20	13.688
15	21	21.838
15	22	25.6
15	23	11.938
15	24	13.714
15	25	14.106
15	26	14.106
15	27	15.987
15	28	22.439
15	29	13.375
15	30	9.744
15	31	14.054
15	32	12.696
15	33	16.144
15	34	9.587
15	35	10.762
15	36	11.076
15	37	8.725
15	38	7.105
15	39	20.323
15	40	12.069
15	41	10.136
15	42	16.692
15	43	9.796
15	44	14.211
15	45	13.009
15	46	8.516
15	47	17.92
15	48	14.341
15	49	14.289
15	50	10.971
15	51	10.109
15	52	16.353
15	53	14.42
15	54	15.595
15	55	12.905
15	56	17.032
15	57	10.188
15	58	16.771
15	59	13.636
15	60	14.106
15	61	11.285
15	62	10.58
15	63	12.905
15	64	10.527
15	65	23.876
15	66	21.499
15	67	10.162
15	68	12.983
15	69	7.811
15	70	11.99
15	71	17.476
15	72	11.154
15	73	9.038
15	74	18.547
15	75	11.651
15	76	8.829
15	77	10.789
15	78	10.762
15	79	13.14
15	80	12.852
15	81	12.487
15	82	11.285
15	83	7.993
15	84	12.539
15	85	29.362
15	86	9.587
15	87	14.629
15	88	27.193
15	89	11.416
15	90	11.128
15	91	11.18
15	92	9.953
15	93	7.184
15	94	10.815
15	95	9.613
15	96	16.144
15	97	12.643
15	98	10.632
15	99	11.389
16	1	21.368
16	2	39.941
16	3	17.215
16	4	14.158
16	5	17.345
16	6	14.184
16	7	25.809
16	8	19.305
16	9	21.316
16	10	25.992
16	11	32.0
16	12	34.247
16	13	23.719
16	14	45.975
16	15	19.487
16	16	13.793
16	17	14.211
16	18	18.86
16	19	12.487
16	20	19.226
16	21	16.17
16	22	27.22
16	23	23.85
16	24	20.924
16	25	32.366
16	26	30.276
16	27	41.012
16	28	42.553
16	29	21.055
16	30	43.938
16	31	31.53
16	32	27.82
16	33	42.919
16	34	19.827
16	35	51.043
16	36	45.322
16	37	21.211
16	38	32.235
16	39	20.767
16	40	20.976
16	41	32.81
16	42	12.539
16	43	27.951
16	44	27.977
16	45	22.857
16	46	13.296
16	47	17.424
16	48	28.656
16	49	28.447
16	50	18.965
16	51	18.756
16	52	14.942
16	53	19.096
16	54	14.811
16	55	15.465
16	56	22.309
16	57	13.114
16	58	15.046
16	59	30.851
16	60	23.38
16	61	41.535
16	62	28.526
16	63	27.324
16	64	22.57
16	65	28.369
16	66	27.873
16	67	25.913
16	68	19.278
16	69	41.378
16	70	35.944
16	71	37.773
16	72	38.975
16	73	21.577
16	74	21.238
16	75	45.087
16	76	43.206
16	77	30.015
16	78	28.108
16	79	31.765
16	80	82.704
16	81	45.427
16	82	11.598
16	83	17.424
16	84	20.558
16	85	17.293
16	86	38.243
16	87	17.763
16	88	20.323
16	89	45.897
16	90	33.463
16	91	33.907
16	92	55.38
16	93	37.277
16	94	35.109
16	95	26.932
16	96	30.302
16	97	32.784
16	98	14.811
16	99	17.998
16	100	18.678
16	101	32.914
16	102	23.014
16	103	33.855
16	104	19.331
16	105	23.641
16	106	48.803
16	107	20.643
16	108	24.764
16	109	11.468
16	110	30.825
16	111	23.954
16	112	50.704
16	113	18.26
16	114	24.451
16	115	36.206
16	116	35.265
16	117	10.371
16	118	28.918
16	119	44.748
16	120	21.995
16	121	17.058
16	122	18.651
16	123	23.484
16	124	31.399
16	125	37.251
16	126	23.38
16	127	23.876
16	128	14.472
17	1	39.471
17	2	25.443
17	3	17.946
17	4	28.604
17	5	35.135
17	6	24.477
17	7	64.993
17	8	27.324
17	9	22.361
17	10	16.144
17	11	18.233
17	12	48.98
17	13	25.704
17	14	12.434
17	15	35.709
17	16	28.003
17	17	23.536
17	18	29.832
17	19	21.969
17	20	29.362
17	21	22.439
17	22	16.039
17	23	61.1
17	24	19.67
17	25	24.216
17	26	17.189
17	27	22.439
17	28	22.7
17	29	22.674
17	30	25.26
17	31	26.384
17	32	18.286
17	33	39.21
17	34	30.145
17	35	23.092
17	36	25.469
17	37	19.331
17	38	12.617
17	39	32.522
17	40	28.421
17	41	17.789
17	42	20.402
17	43	15.778
17	44	42.893
17	45	22.727
17	46	38.975
17	47	39.053
17	48	17.058
17	49	22.021
17	50	11.311
17	51	49.659
17	52	19.592
17	53	34.116
17	54	26.384
17	55	31.347
17	56	22.361
17	57	38.687
17	58	32.104
17	59	44.539
17	60	53.629
17	61	27.951
17	62	28.369
17	63	22.857
17	64	37.277
17	65	18.965
17	66	24.581
17	67	34.691
17	68	26.723
17	69	45.27
17	70	49.659
17	71	32.679
17	72	19.722
17	73	28.97
17	74	17.946
17	75	20.506
17	76	23.771
17	77	20.794
17	78	26.018
17	79	21.917
17	80	26.54
17	81	18.338
17	82	25.051
17	83	24.764
17	84	17.371
17	85	24.294
17	86	22.465
17	87	17.659
17	88	32.444
17	89	25.417
17	90	15.752
17	91	23.536
17	92	23.432
17	93	43.886
17	94	27.429
17	95	26.906
17	96	22.857
17	97	51.931
17	98	35.683
17	99	47.099
17	100	31.216
17	101	27.873
17	102	23.771
17	103	13.087
17	104	18.965
17	105	16.797
17	106	16.3
17	107	23.301
17	108	13.949
17	109	10.057
17	110	26.802
17	111	22.439
18	1	16.144
18	2	22.126
18	3	6.139
18	4	8.411
18	5	25.6
18	6	17.267
18	7	14.394
18	8	10.971
18	9	14.393
18	10	25.182
18	11	11.389
18	12	14.289
18	13	19.984
18	14	47.621
18	15	36.519
18	16	42.815
18	17	53.368
18	18	44.225
18	19	84.793
18	20	24.607
18	21	58.384
18	22	70.975
18	23	13.218
18	24	32.914
18	25	14.341
18	26	38.008
18	27	26.41
18	28	51.096
18	29	64.418
18	30	22.152
18	31	71.967
18	32	28.16
18	33	23.484
18	34	23.615
18	35	22.57
18	36	26.776
18	37	29.179
18	38	15.386
18	39	33.28
18	40	39.001
18	41	16.17
18	42	42.945
18	43	19.592
18	44	20.846
18	45	54.439
18	46	28.395
18	47	20.82
18	48	31.713
18	49	60.5
18	50	56.346
18	51	25.757
18	52	25.652
18	53	23.066
18	54	26.253
18	55	51.252
18	56	41.848
18	57	57.287
18	58	32.784
18	59	19.879
18	60	24.32
18	61	21.864
18	62	23.014
18	63	37.407
18	64	18.86
18	65	25.574
18	66	19.644
18	67	10.736
18	68	11.416
18	69	21.264
18	70	21.891
18	71	28.552
18	72	12.643
18	73	16.562
18	74	40.542
18	75	13.662
18	76	22.152
18	77	37.355
18	78	12.931
18	79	21.577
18	80	16.3
18	81	12.983
18	82	44.748
18	83	12.199
18	84	11.233
18	85	4.441
18	86	33.123
18	87	17.032
18	88	16.562
18	89	4.545
18	90	18.207
18	91	6.452
18	92	5.015
18	93	17.136
18	94	19.592
18	95	16.745
18	96	28.317
18	97	9.744
18	98	19.801
18	99	13.322
18	100	9.848
18	101	15.543
18	102	26.044
18	103	7.445
18	104	12.826
18	105	19.853
18	106	14.158
18	107	12.251
18	108	8.62
18	109	17.607
18	110	38.034
19	1	13.401
19	2	6.896
19	3	7.523
19	4	17.371
19	5	18.051
19	6	11.494
19	7	17.58
19	8	15.935
19	9	13.662
19	10	18.051
19	11	15.778
19	12	11.259
19	13	9.274
19	14	9.091
19	15	10.945
19	16	12.121
19	17	17.972
19	18	13.009
19	19	12.225
19	20	14.942
19	21	24.973
19	22	8.647
19	23	18.442
19	24	13.74
19	25	12.095
19	26	28.369
19	27	12.774
19	28	13.662
19	29	14.237
19	30	12.696
19	31	13.793
19	32	10.031
19	33	11.912
19	34	10.057
19	35	22.518
19	36	16.588
19	37	15.125
19	38	16.353
19	39	13.61
19	40	12.826
19	41	14.55
19	42	15.229
19	43	20.349
19	44	16.274
19	45	18.416
19	46	20.82
19	47	12.983
19	48	21.081
19	49	22.387
19	50	15.517
19	51	15.02
19	52	11.729
19	53	10.919
19	54	17.319
19	55	14.602
19	56	13.636
19	57	7.236
19	58	46.393
19	59	18.678
19	60	20.167
19	61	21.081
19	62	18.782
19	63	12.539
19	64	24.398
19	65	19.827
19	66	11.442
19	67	13.61
19	68	17.084
19	69	15.778
19	70	12.304
19	71	17.032
19	72	12.826
19	73	26.358
19	74	13.14
19	75	34.612
19	76	23.876
19	77	14.315
19	78	10.005
19	79	13.401
19	80	10.24
19	81	11.886
19	82	13.375
19	83	16.039
19	84	12.225
19	85	8.803
19	86	8.882
19	87	12.565
19	88	6.504
19	89	5.512
19	90	16.823
19	91	7.157
19	92	10.266
19	93	14.655
19	94	6.975
19	95	8.411
19	96	14.576
19	97	17.162
19	98	19.54
20	1	3.004
20	2	10.423
20	3	7.288
20	4	11.964
20	5	7.21
20	6	14.263
20	7	12.095
20	8	13.636
20	9	6.139
20	10	28.447
20	11	9.927
20	12	15.256
20	13	7.654
20	14	18.416
20	15	15.517
20	16	14.315
20	17	7.053
20	18	17.293
20	19	5.616
20	20	8.96
20	21	12.147
20	22	16.614
20	23	7.079
20	24	8.072
20	25	6.348
20	26	6.034
20	27	6.505
20	28	4.101
20	29	6.374
20	30	3.709
20	31	5.695
20	32	6.087
20	33	5.329
20	34	4.937
20	35	7.21
20	36	8.411
20	37	8.542
20	38	10.71
20	39	33.489
20	40	57.208
20	41	4.807
20	42	9.561
20	43	7.915
20	44	9.744
20	45	14.132
20	46	12.382
20	47	31.869
20	48	14.785
20	49	6.975
20	50	12.225
20	51	6.713
20	52	15.882
20	53	34.612
20	54	15.909
20	55	14.498
20	56	10.841
20	57	11.259
20	58	23.797
20	59	11.18
20	60	9.065
20	61	22.309
20	62	11.572
20	63	23.171
20	64	14.446
20	65	20.036
20	66	19.357
20	67	7.915
20	68	9.274
20	69	22.073
20	70	15.517
20	71	46.054
20	72	32.758
20	73	27.376
20	74	18.469
20	75	16.797
20	76	22.047
20	77	25.313
20	78	14.08
20	79	7.967
20	80	27.82
20	81	24.607
20	82	18.442
20	83	9.77
20	84	14.263
20	85	16.509
20	86	41.561
20	87	36.519
20	88	21.42
20	89	18.939
20	90	30.589
20	91	14.341
20	92	10.423
20	93	10.005
20	94	30.903
20	95	9.038
20	96	23.98
20	97	46.811
20	98	20.976
20	99	20.062
20	100	13.009
20	101	13.662
20	102	17.476
20	103	10.762
20	104	18.939
20	105	12.382
20	106	6.896
20	107	11.05
20	108	23.145
20	109	17.711
20	110	17.711
20	111	15.491
20	112	17.998
20	113	25.835
20	114	29.91
20	115	16.431
20	116	18.834
20	117	22.152
20	118	10.632
20	119	9.744
20	120	20.95
20	121	29.44
20	122	11.363
20	123	31.817
20	124	20.036
20	125	13.479
20	126	18.286
20	127	21.577
20	128	27.507
20	129	18.207
20	130	43.781
20	131	33.672
20	132	24.947
20	133	22.648
20	134	41.822
20	135	21.499
21	1	15.182
21	2	19.858
21	3	31.3
21	4	20.511
21	5	27.329
21	6	18.944
21	7	29.55
21	8	16.985
21	9	20.511
21	10	18.474
21	11	20.877
21	12	16.593
21	13	20.093
21	14	13.537
21	15	15.835
21	16	15.0
21	17	22.549
21	18	22.314
21	19	24.038
21	20	11.499
21	21	14.373
21	22	25.266
21	23	10.663
21	24	38.875
21	25	28.923
21	26	18.03
21	27	13.641
21	28	35.819
21	29	29.027
21	30	26.65
21	31	17.899
21	32	14.399
21	33	16.227
21	34	16.07
21	35	18.735
21	36	22.418
21	37	14.059
21	38	10.585
21	39	18.709
21	40	15.418
21	41	17.69
21	42	18.474
21	43	22.862
21	44	31.352
21	45	22.235
21	46	19.31
21	47	32.084
21	48	15.757
21	49	13.014
21	50	17.795
21	51	15.626
21	52	16.645
21	53	12.544
21	54	15.809
21	55	12.466
21	56	19.284
21	57	15.026
21	58	14.582
21	59	16.358
21	60	13.093
21	61	15.13
21	62	14.686
21	63	16.123
21	64	16.985
21	65	19.022
21	66	15.862
21	67	16.149
21	68	16.149
21	69	13.197
21	70	11.682
21	71	14.268
21	72	19.049
21	73	29.68
21	74	29.21
21	75	13.824
21	76	18.631
21	77	24.012
21	78	20.302
21	79	34.017
21	80	19.78
21	81	26.232
21	82	21.269
21	83	17.899
21	84	27.93
21	85	13.484
21	86	14.138
21	87	36.263
21	88	17.246
21	89	19.179
21	90	35.453
21	91	24.534
21	92	18.16
21	93	15.104
21	94	20.642
21	95	15.026
21	96	17.873
21	97	29.236
21	98	18.683
21	99	19.44
21	100	12.622
21	101	18.187
21	102	15.078
21	103	22.183
21	104	31.927
21	105	20.041
21	106	10.872
21	107	12.387
21	108	24.639
21	109	25.266
21	110	13.171
21	111	12.753
21	112	18.265
22	1	19.148
22	2	44.539
22	3	19.252
22	4	21.29
22	5	130.795
22	6	23.432
22	7	19.696
22	8	19.618
22	9	26.958
22	10	22.126
22	11	42.057
22	12	22.491
22	13	19.644
22	14	31.634
22	15	43.128
22	16	21.682
22	17	45.897
22	18	66.325
22	19	30.72
22	20	14.132
22	21	7.68
22	22	23.301
22	23	42.475
22	24	17.189
22	25	47.961
22	26	31.869
22	27	24.451
22	28	40.803
22	29	19.984
22	30	43.938
22	31	36.545
22	32	15.491
22	33	23.066
22	34	40.411
22	35	30.25
22	36	53.864
22	37	39.732
22	38	24.346
22	39	21.629
22	40	71.497
22	41	34.56
22	42	16.17
22	43	9.718
22	44	23.719
22	45	31.582
22	46	39.863
22	47	30.38
22	48	23.432
22	49	16.535
22	50	22.883
22	51	18.86
22	52	61.257
22	53	32.653
22	54	37.721
22	55	28.212
22	56	26.305
22	57	21.211
22	58	35.187
22	59	21.525
22	60	32.705
22	61	28.029
22	62	30.616
22	63	28.865
22	64	20.846
22	65	46.054
22	66	25.678
22	67	36.78
22	68	14.498
22	69	18.286
22	70	37.773
22	71	30.537
22	72	64.549
22	73	55.85
22	74	18.756
22	75	25.626
22	76	20.062
22	77	24.79
22	78	87.667
23	1	7.158
23	2	10.057
23	3	9.169
23	4	10.057
23	5	10.998
23	6	22.047
23	7	15.961
23	8	12.983
23	9	12.356
23	10	11.886
23	11	15.595
23	12	14.002
23	13	15.256
23	14	45.767
23	15	11.912
23	16	12.304
23	17	20.14
23	18	29.753
23	19	27.951
23	20	26.227
23	21	32.862
23	22	10.371
23	23	29.048
23	24	64.496
23	25	19.67
23	26	10.841
23	27	64.993
23	28	25.182
23	29	20.01
23	30	19.305
23	31	14.968
23	32	24.66
23	33	51.174
23	34	15.046
23	35	21.499
23	36	9.639
23	37	16.927
23	38	18.155
23	39	9.822
23	40	15.7
23	41	22.622
23	42	13.819
23	43	14.158
23	44	42.632
23	45	11.572
23	46	10.188
23	47	11.468
23	48	7.471
23	49	9.848
23	50	22.909
23	51	16.64
23	52	17.789
23	53	16.117
23	54	8.385
23	55	12.121
23	56	13.061
23	57	10.736
23	58	9.195
23	59	8.62
23	60	20.976
23	61	11.468
23	62	18.155
23	63	18.808
23	64	15.595
23	65	12.434
23	66	16.666
23	67	8.882
23	68	17.398
23	69	11.128
23	70	23.562
23	71	29.414
23	72	16.196
23	73	10.945
23	74	13.14
23	75	18.991
23	76	15.282
23	77	21.629
23	78	19.618
23	79	11.363
23	80	23.667
23	81	8.725
23	82	17.554
23	83	25.835
23	84	13.871
23	85	13.035
23	86	12.513
23	87	14.341
23	88	20.271
23	89	13.767
23	90	15.491
23	91	32.738
23	92	12.382
23	93	12.251
23	94	10.475
23	95	14.263
23	96	15.83
23	97	10.658
23	98	9.535
23	99	14.602
23	100	37.068
23	101	18.495
23	102	14.002
23	103	22.413
23	104	11.834
23	105	15.438
23	106	19.409
23	107	14.811
23	108	10.658
23	109	28.865
23	110	22.831
23	111	17.763
23	112	10.031
23	113	16.535
23	114	17.398
23	115	17.241
23	116	20.767
23	117	29.231
23	118	12.617
24	1	26.462
24	2	52.715
24	3	34.038
24	4	40.385
24	5	17.763
24	6	48.901
24	7	18.024
24	8	20.376
24	9	16.745
24	10	20.663
24	11	50.364
24	12	27.716
24	13	31.269
24	14	28.16
24	15	33.829
24	16	27.638
24	17	19.67
24	18	17.136
24	19	37.825
24	20	22.309
24	21	75.128
24	22	51.278
24	23	26.802
24	24	20.219
24	25	23.693
24	26	51.383
24	27	40.464
24	28	41.744
24	29	32.758
24	30	34.978
24	31	191.451
24	32	42.005
24	33	102.008
24	34	29.309
24	35	86.883
24	36	19.278
24	37	32.94
24	38	24.581
24	39	50.965
24	40	51.435
24	41	36.728
24	42	14.42
24	43	60.839
24	44	19.122
24	45	55.641
24	46	27.559
24	47	31.922
24	48	20.01
24	49	13.636
24	50	31.033
24	51	33.593
24	52	21.159
24	53	34.116
24	54	41.326
24	55	72.072
24	56	16.509
24	57	24.32
24	58	93.283
24	59	34.194
24	60	50.207
24	61	150.883
24	62	75.807
24	63	50.991
24	64	37.512
25	1	16.405
25	2	30.772
25	3	53.081
25	4	33.071
25	5	19.2
25	6	22.883
25	7	27.925
25	8	31.66
25	9	16.483
25	10	32.34
25	11	16.431
25	12	17.215
25	13	19.148
25	14	15.256
25	15	25.574
25	16	21.107
25	17	29.989
25	18	46.524
25	19	30.72
25	20	47.909
25	21	38.74
25	22	22.152
25	23	21.185
25	24	17.816
25	25	17.215
25	26	21.159
25	27	18.887
25	28	12.852
25	29	22.491
25	30	19.357
25	31	28.029
25	32	31.06
25	33	16.431
25	34	24.346
25	35	18.129
25	36	20.428
25	37	30.067
25	38	17.398
25	39	15.804
25	40	32.313
25	41	19.226
25	42	32.287
25	43	17.476
25	44	25.182
25	45	26.096
25	46	12.617
25	47	13.322
25	48	22.309
25	49	18.469
25	50	17.136
25	51	10.553
25	52	11.311
25	53	25.548
25	54	19.017
25	55	22.073
25	56	11.259
25	57	21.499
25	58	21.029
25	59	29.205
25	60	23.771
25	61	20.428
25	62	20.585
25	63	22.544
25	64	11.18
25	65	20.663
25	66	11.259
25	67	20.271
25	68	36.415
25	69	14.315
25	70	35.631
25	71	15.386
25	72	16.457
25	73	20.454
25	74	27.951
25	75	19.409
25	76	14.158
25	77	22.126
26	1	10.005
26	2	8.96
26	3	13.296
26	4	22.178
26	5	20.924
26	6	17.763
26	7	19.122
26	8	16.17
26	9	11.807
26	10	16.17
26	11	12.095
26	12	12.408
26	13	17.058
26	14	13.296
26	15	18.469
26	16	15.491
26	17	11.52
26	18	17.189
26	19	14.315
26	20	17.215
26	21	21.159
26	22	20.01
26	23	10.214
26	24	20.062
26	25	11.938
26	26	13.087
26	27	15.804
26	28	18.286
26	29	17.084
26	30	11.807
26	31	13.584
26	32	12.826
26	33	14.446
26	34	14.524
26	35	16.118
26	36	15.882
26	37	8.986
26	38	12.278
26	39	12.278
26	40	15.177
26	41	24.66
26	42	13.218
26	43	15.856
26	44	21.708
26	45	14.968
26	46	8.15
26	47	11.259
26	48	8.438
26	49	50.286
26	50	20.114
26	51	25.443
26	52	22.204
26	53	12.826
26	54	13.296
26	55	9.874
26	56	10.109
26	57	12.957
26	58	9.065
26	59	13.505
26	60	10.58
26	61	20.036
26	62	13.819
26	63	27.585
26	64	9.613
26	65	12.617
26	66	8.908
26	67	16.692
26	68	12.225
26	69	8.699
26	70	12.774
26	71	14.237
26	72	10.031
26	73	10.345
26	74	16.431
26	75	11.442
26	76	10.475
26	77	13.662
26	78	8.882
26	79	9.221
26	80	9.535
26	81	11.363
26	82	18.155
26	83	13.453
26	84	11.99
26	85	11.154
26	86	17.319
26	87	9.326
26	88	11.05
26	89	12.748
26	90	10.658
26	91	10.553
26	92	10.815
26	93	16.353
26	94	10.24
26	95	8.229
26	96	9.482
26	97	12.33
26	98	10.684
26	99	11.703
26	100	9.744
26	101	7.34
26	102	13.479
26	103	17.554
26	104	11.781
26	105	9.038
26	106	11.703
26	107	8.411
26	108	7.993
26	109	19.931
26	110	11.807
26	111	11.86
26	112	11.311
26	113	14.393
26	114	9.639
26	115	10.057
26	116	17.345
26	117	10.527
26	118	17.371
26	119	12.669
26	120	10.971
26	121	17.162
26	122	11.886
26	123	7.68
26	124	11.651
26	125	8.908
26	126	8.464
26	127	21.577
26	128	13.14
26	129	12.8
26	130	13.949
26	131	8.829
26	132	13.14
26	133	10.841
26	134	8.098
26	135	14.994
26	136	19.984
26	137	11.729
26	138	8.098
26	139	25.704
26	140	14.341
26	141	6.348
26	142	8.438
26	143	6.766
26	144	5.982
26	145	15.647
26	146	10.292
26	147	7.288
26	148	8.49
26	149	9.482
26	150	10.005
26	151	8.647
26	152	8.803
26	153	12.983
26	154	18.364
26	155	13.009
26	156	13.819
26	157	8.594
26	158	18.442
26	159	10.658
26	160	9.247
26	161	10.475
26	162	7.785
26	163	6.975
26	164	19.487
26	165	8.124
26	166	18.338
26	167	14.237
26	168	10.292
26	169	11.05
26	170	10.919
26	171	8.751
26	172	7.654
26	173	16.039
26	174	15.778
26	175	9.012
26	176	10.527
26	177	8.229
26	178	7.575
26	179	7.654
26	180	20.271
26	181	10.162
26	182	8.49
26	183	16.3
26	184	12.278
26	185	12.852
26	186	18.338
26	187	17.502
26	188	9.744
26	189	22.779
26	190	16.326
26	191	10.501
26	192	10.162
26	193	7.21
26	194	9.718
26	195	10.136
26	196	9.874
26	197	20.193
26	198	10.789
26	199	12.852
26	200	11.86
26	201	12.565
26	202	12.643
26	203	10.371
26	204	8.255
26	205	10.501
26	206	11.703
26	207	12.983
26	208	16.222
26	209	9.561
26	210	9.404
26	211	12.8
26	212	9.561
26	213	16.013
26	214	9.378
26	215	12.199
26	216	15.621
26	217	9.378
26	218	7.628
26	219	7.001
26	220	11.311
26	221	12.826
26	222	9.9
26	223	11.259
26	224	10.736
26	225	11.494
26	226	11.721
26	227	40.263
27	1	16.745
27	2	9.352
27	3	17.502
27	4	20.167
27	5	20.323
27	6	13.349
27	7	36.545
27	8	26.07
27	9	14.994
27	10	47.308
27	11	20.715
27	12	36.78
27	13	19.801
27	14	28.604
27	15	31.086
27	16	42.762
27	17	20.428
27	18	55.144
27	19	54.204
27	20	20.82
27	21	26.122
27	22	24.111
27	23	22.596
27	24	42.292
27	25	25.887
27	26	15.569
27	27	14.89
27	28	23.824
27	29	19.017
27	30	20.689
27	31	13.74
27	32	28.343
27	33	26.802
27	34	31.53
27	35	23.118
27	36	60.421
27	37	33.489
27	38	21.917
27	39	29.048
27	40	77.296
27	41	22.021
27	42	35.709
27	43	25.992
27	44	58.54
27	45	24.816
27	46	28.944
27	47	30.25
27	48	18.181
27	49	33.724
27	50	16.17
27	51	20.689
27	52	25.078
27	53	13.923
27	54	15.595
27	55	23.458
27	56	30.563
27	57	17.345
27	58	16.718
27	59	25.704
27	60	56.607
27	61	44.643
27	62	40.15
27	63	43.285
27	64	42.109
27	65	26.671
27	66	25.731
27	67	25.391
27	68	27.167
27	69	15.02
27	70	20.794
27	71	15.256
27	72	17.711
27	73	19.122
27	74	16.17
27	75	20.898
27	76	24.816
27	77	12.356
27	78	17.45
27	79	17.58
27	80	21.682
27	81	29.388
27	82	33.254
27	83	25.522
27	84	28.003
27	85	15.438
27	86	30.772
27	87	32.94
27	88	38.583
27	89	25.678
27	90	32.183
27	91	29.362
27	92	34.586
27	93	27.35
28	1	11.389
28	2	9.117
28	3	18.965
28	4	50.207
28	5	27.846
28	6	24.842
28	7	51.226
28	8	34.064
28	9	39.366
28	10	37.93
28	11	22.491
28	12	32.157
28	13	38.113
28	14	27.768
28	15	81.032
28	16	25.966
28	17	18.86
28	18	41.535
28	19	63.007
28	20	37.277
28	21	22.544
28	22	27.455
28	23	58.802
28	24	32.366
28	25	55.014
28	26	24.451
28	27	63.216
28	28	29.309
28	29	66.194
28	30	47.647
28	31	46.602
28	32	48.3
28	33	18.442
28	34	32.653
28	35	35.579
28	36	55.902
28	37	35.944
28	38	49.058
28	39	20.872
28	40	20.637
28	41	19.905
28	42	20.349
28	43	24.999
28	44	18.991
28	45	40.046
28	46	50.469
28	47	43.807
28	48	55.04
28	49	23.197
28	50	46.393
28	51	14.158
28	52	18.651
28	53	38.531
28	54	30.589
28	55	32.34
28	56	28.343
28	57	58.436
28	58	37.747
28	59	44.173
28	60	37.695
28	61	34.351
28	62	19.957
28	63	47.151
28	64	31.19
28	65	16.771
28	66	20.898
28	67	24.477
28	68	34.482
28	69	15.465
28	70	28.865
28	71	36.31
28	72	37.956
28	73	26.044
28	74	19.749
28	75	38.06
28	76	54.243
28	77	52.48
28	78	49.789
28	79	36.362
28	80	33.933
28	81	46.629
28	82	53.708
28	83	30.119
28	84	35.265
28	85	38.478
28	86	32.601
28	87	31.53
28	88	35.892
29	1	10.736
29	2	21.42
29	3	28.108
29	4	22.047
29	5	24.895
29	6	23.301
29	7	27.742
29	8	44.095
29	9	17.293
29	10	73.012
29	11	18.312
29	12	38.4
29	13	28.656
29	14	30.563
29	15	20.167
29	16	27.533
29	17	54.805
29	18	24.555
29	19	23.092
29	20	35.866
29	21	21.342
29	22	31.399
29	23	29.989
29	24	41.953
29	25	54.544
29	26	27.794
29	27	48.849
29	28	17.215
29	29	30.877
29	30	12.408
29	31	27.559
29	32	26.697
29	33	34.586
29	34	20.794
29	35	15.543
29	36	21.42
29	37	14.002
29	38	27.664
29	39	25.234
29	40	49.554
29	41	39.915
29	42	21.864
29	43	17.894
29	44	21.734
29	45	42.971
29	46	58.07
29	47	46.968
29	48	23.824
29	49	29.022
29	50	33.829
29	51	34.064
29	52	38.505
29	53	35.5
29	54	17.319
29	55	23.04
29	56	19.043
29	57	15.569
29	58	34.873
29	59	11.886
29	60	27.429
29	61	30.798
29	62	25.94
29	63	42.815
29	64	34.194
29	65	24.999
29	66	19.618
29	67	33.672
29	68	30.511
29	69	22.465
30	1	10.945
30	2	5.46
30	3	15.334
30	4	26.305
30	5	21.655
30	6	24.163
30	7	19.722
30	8	51.069
30	9	68.937
30	10	30.328
30	11	15.83
30	12	10.762
30	13	21.238
30	14	12.826
30	15	18.129
30	16	26.619
30	17	12.539
30	18	16.823
30	19	26.671
30	20	28.865
30	21	42.762
30	22	33.646
30	23	35.527
30	24	43.128
30	25	36.389
30	26	16.98
30	27	35.866
30	28	65.593
30	29	29.963
30	30	46.289
30	31	18.024
30	32	21.055
30	33	52.167
30	34	17.711
30	35	20.193
30	36	31.138
30	37	29.989
30	38	35.5
30	39	47.517
30	40	52.48
30	41	27.115
30	42	28.16
30	43	22.962
30	44	15.386
30	45	17.476
30	46	35.265
30	47	31.556
30	48	52.82
30	49	16.326
30	50	31.922
30	51	17.058
30	52	18.024
30	53	26.358
30	54	53.864
30	55	22.204
30	56	34.273
30	57	17.084
30	58	38.975
30	59	12.905
30	60	20.062
31	1	9.514
31	2	7.842
31	3	7.346
31	4	17.899
31	5	20.616
31	6	32.972
31	7	32.711
31	8	16.75
31	9	21.034
31	10	52.459
31	11	26.441
31	12	36.524
31	13	25.684
31	14	43.29
31	15	54.653
31	16	48.488
31	17	33.99
31	18	28.609
31	19	23.176
31	20	49.768
31	21	40.077
31	22	28.897
31	23	32.554
31	24	16.489
31	25	34.983
31	26	21.138
31	27	40.782
31	28	24.09
31	29	52.929
31	30	28.923
31	31	35.924
31	32	47.705
31	33	60.662
31	34	55.176
32	1	10.998
32	2	14.576
32	3	37.355
32	4	48.614
32	5	33.855
32	6	13.74
32	7	20.193
32	8	18.26
32	9	29.414
32	10	35.37
32	11	20.611
32	12	35.944
32	13	34.194
32	14	32.418
32	15	30.589
32	16	25.469
32	17	28.003
32	18	19.226
32	19	27.298
32	20	58.044
32	21	21.081
32	22	29.753
32	23	30.955
32	24	27.951
32	25	20.036
32	26	33.515
32	27	32.026
32	28	14.08
32	29	19.357
32	30	14.237
33	1	18.416
33	2	15.569
33	3	12.042
33	4	46.472
33	5	46.446
33	6	49.319
33	7	24.216
33	8	11.494
33	9	29.309
33	10	28.056
33	11	9.012
33	12	18.155
33	13	37.799
33	14	19.566
33	15	16.196
33	16	17.58
33	17	28.447
33	18	20.323
33	19	50.233
33	20	39.445
33	21	20.01
33	22	30.25
33	23	30.485
33	24	27.951
33	25	27.376
33	26	28.029
33	27	23.824
33	28	32.444
33	29	24.869
33	30	34.377
33	31	25.809
33	32	45.087
33	33	44.904
33	34	23.98
33	35	83.331
33	36	39.288
33	37	93.257
33	38	34.664
33	39	26.488
33	40	37.146
33	41	14.211
33	42	9.874
33	43	28.265
33	44	17.659
33	45	21.943
33	46	11.624
33	47	14.263
33	48	24.111
33	49	50.834
33	50	126.041
33	51	75.546
33	52	40.725
33	53	144.405
33	54	17.058
33	55	82.025
33	56	30.537
33	57	25.13
33	58	25.182
33	59	47.647
33	60	39.523
33	61	14.028
33	62	19.331
33	63	26.854
33	64	12.591
33	65	17.084
33	66	21.838
33	67	21.499
33	68	16.535
33	69	30.433
33	70	20.637
33	71	25.992
33	72	39.628
33	73	37.904
34	1	17.476
34	2	21.185
34	3	39.837
34	4	21.838
34	5	17.084
34	6	19.174
34	7	21.316
34	8	20.794
34	9	36.728
34	10	22.047
34	11	18.834
34	12	35.056
34	13	33.228
34	14	36.127
34	15	30.929
34	16	25.574
34	17	14.472
34	18	26.331
34	19	31.007
34	20	16.927
34	21	27.977
34	22	30.563
34	23	33.489
34	24	26.776
34	25	15.543
34	26	15.412
34	27	21.76
34	28	24.921
34	29	13.009
34	30	18.39
34	31	62.224
34	32	27.611
34	33	57.757
34	34	26.854
34	35	16.692
34	36	22.021
34	37	51.252
34	38	17.842
34	39	32.836
34	40	26.018
34	41	25.391
34	42	29.492
34	43	67.814
34	44	25.182
34	45	26.279
34	46	46.184
34	47	26.253
34	48	14.785
34	49	16.849
34	50	33.149
34	51	16.98
34	52	18.834
34	53	17.789
34	54	27.115
35	1	46.002
35	2	31.007
35	3	43.598
35	4	20.245
35	5	33.176
35	6	27.324
35	7	29.858
35	8	49.162
35	9	33.149
35	10	50.547
35	11	60.473
35	12	65.045
35	13	49.058
35	14	34.508
35	15	26.567
35	16	11.834
35	17	9.561
35	18	63.869
35	19	9.012
35	20	10.057
35	21	7.34
35	22	34.011
35	23	7.21
35	24	26.88
35	25	26.41
35	26	14.394
35	27	47.83
35	28	41.091
35	29	21.969
35	30	18.808
35	31	27.35
35	32	32.052
35	33	20.193
35	34	17.789
35	35	20.01
35	36	25.182
35	37	41.587
35	38	17.737
35	39	33.097
35	40	46.289
35	41	30.798
35	42	31.817
35	43	41.822
35	44	41.3
35	45	38.583
36	1	5.172
36	2	5.224
36	3	5.538
36	4	6.713
36	5	7.915
36	6	15.229
36	7	11.259
36	8	17.371
36	9	19.644
36	10	16.849
36	11	23.327
36	12	25.783
36	13	13.662
36	14	24.372
36	15	25.522
36	16	12.33
36	17	12.513
36	18	26.593
36	19	22.283
36	20	18.678
36	21	12.774
36	22	13.296
36	23	24.79
36	24	11.912
36	25	10.292
36	26	13.401
36	27	11.572
36	28	24.372
36	29	14.211
36	30	25.443
36	31	16.118
36	32	12.434
36	33	18.26
36	34	19.2
36	35	18.103
36	36	22.309
36	37	14.942
36	38	16.849
36	39	15.02
36	40	27.481
36	41	14.472
36	42	12.356
36	43	14.106
36	44	13.218
36	45	16.509
36	46	17.946
36	47	53.864
36	48	13.087
36	49	17.737
36	50	16.405
36	51	16.483
36	52	23.484
36	53	18.887
36	54	18.887
36	55	14.002
36	56	13.871
36	57	11.781
36	58	9.9
36	59	8.803
36	60	24.869
36	61	13.949
36	62	16.849
36	63	11.833
36	64	10.397
36	65	23.615
36	66	21.238
36	67	19.487
36	68	15.36
36	69	20.741
36	70	13.949
36	71	21.812
36	72	14.211
36	73	13.636
36	74	15.36
36	75	14.08
36	76	19.592
36	77	20.323
36	78	18.024
36	79	21.891
36	80	21.055
36	81	28.395
36	82	20.376
36	83	15.7
37	1	8.176
37	2	6.139
37	3	6.505
37	4	7.445
37	5	14.42
37	6	14.367
37	7	10.292
37	8	16.379
37	9	10.162
37	10	15.073
37	11	23.536
37	12	6.609
37	13	8.594
37	14	9.848
37	15	14.446
37	16	17.084
37	17	9.3
37	18	9.247
37	19	15.386
37	20	14.054
37	21	14.785
37	22	14.602
37	23	12.931
37	24	10.893
37	25	7.471
37	26	8.098
37	27	13.192
37	28	14.89
37	29	9.509
37	30	23.301
37	31	15.882
37	32	12.878
37	33	11.285
37	34	9.639
37	35	20.036
37	36	17.554
37	37	11.625
37	38	11.076
37	39	12.643
37	40	10.527
37	41	10.841
37	42	7.706
37	43	9.143
37	44	8.568
37	45	12.983
37	46	10.24
37	47	14.158
37	48	10.841
37	49	9.744
37	50	12.46
37	51	10.553
37	52	6.949
37	53	12.487
37	54	7.863
37	55	9.221
37	56	8.02
37	57	8.777
37	58	6.034
37	59	9.43
37	60	9.038
37	61	7.68
37	62	9.273
37	63	10.057
37	64	10.214
37	65	9.561
37	66	11.389
37	67	9.3
37	68	8.751
37	69	12.251
37	70	11.755
37	71	8.333
37	72	8.49
37	73	9.587
37	74	7.706
37	75	10.71
37	76	8.829
37	77	8.542
37	78	7.889
37	79	8.385
37	80	10.083
37	81	10.397
37	82	6.792
37	83	10.031
37	84	9.953
37	85	10.449
37	86	12.147
37	87	9.665
37	88	8.438
37	89	7.523
37	90	8.62
37	91	13.035
37	92	7.602
37	93	9.822
37	94	9.378
37	95	8.333
37	96	9.691
37	97	14.367
37	98	11.99
37	99	12.199
37	100	9.77
37	101	10.371
37	102	51.148
37	103	11.86
37	104	10.867
37	105	14.707
37	106	11.86
37	107	7.419
37	108	8.385
37	109	8.803
37	110	10.58
37	111	9.77
37	112	12.8
37	113	26.854
37	114	11.207
37	115	12.33
37	116	10.919
37	117	10.24
37	118	9.691
37	119	11.05
37	120	9.613
37	121	9.979
37	122	11.886
37	123	9.169
37	124	11.102
37	125	15.882
37	126	15.125
37	127	10.292
37	128	10.893
37	129	8.62
37	130	12.251
37	131	9.117
37	132	12.173
37	133	9.195
37	134	10.867
37	135	9.404
37	136	8.725
37	137	12.251
37	138	12.565
37	139	9.927
37	140	11.337
37	141	8.725
37	142	10.083
37	143	12.669
37	144	11.625
37	145	11.886
37	146	13.061
37	147	12.487
37	148	10.684
37	149	13.166
37	150	17.058
37	151	18.181
37	152	11.52
37	153	8.725
37	154	7.602
37	155	6.531
37	156	9.012
37	157	12.199
37	158	25.025
37	159	10.136
37	160	12.722
37	161	8.882
37	162	10.136
37	163	8.986
37	164	14.367
37	165	11.52
37	166	10.475
37	167	8.176
37	168	12.669
37	169	11.546
37	170	13.322
37	171	12.983
37	172	9.404
37	173	9.953
37	174	9.169
37	175	9.3
37	176	9.482
37	177	15.229
37	178	8.856
37	179	8.359
37	180	13.061
37	181	7.654
37	182	9.221
38	1	12.121
38	2	13.427
38	3	17.789
38	4	28.291
38	5	19.305
38	6	25.809
38	7	18.521
38	8	28.761
38	9	15.987
38	10	23.51
38	11	14.916
38	12	15.647
38	13	19.644
38	14	15.203
38	15	20.898
38	16	15.125
38	17	20.82
38	18	16.535
38	19	14.42
38	20	17.842
38	21	12.199
38	22	41.3
38	23	30.772
38	24	62.668
38	25	20.506
38	26	63.713
38	27	36.937
38	28	25.809
38	29	23.902
38	30	24.947
38	31	12.199
38	32	21.812
38	33	18.024
38	34	20.872
38	35	27.324
38	36	16.718
38	37	13.767
38	38	10.501
38	39	15.83
38	40	15.856
38	41	26.044
38	42	15.256
38	43	25.104
38	44	30.067
38	45	19.513
38	46	15.177
38	47	13.767
38	48	10.841
38	49	10.71
38	50	11.468
38	51	12.591
38	52	7.158
38	53	7.445
38	54	9.822
38	55	9.613
38	56	7.758
38	57	7.915
38	58	8.255
38	59	20.088
38	60	20.898
38	61	15.543
38	62	13.322
38	63	10.736
38	64	10.501
38	65	19.435
38	66	11.86
38	67	5.407
38	68	6.766
38	69	12.878
38	70	19.305
38	71	14.602
38	72	11.99
38	73	8.438
38	74	10.762
38	75	18.469
38	76	13.845
38	77	7.758
38	78	12.617
38	79	10.815
38	80	10.501
38	81	7.889
38	82	9.848
38	83	9.665
38	84	7.079
38	85	16.091
38	86	15.073
38	87	7.915
38	88	8.594
39	1	10.318
39	2	19.148
39	3	60.552
39	4	28.16
39	5	41.378
39	6	65.306
39	7	59.402
39	8	68.023
39	9	46.132
39	10	43.703
39	11	14.994
39	12	9.691
39	13	16.64
39	14	8.568
39	15	37.747
39	16	31.556
39	17	26.305
39	18	29.753
39	19	18.573
39	20	43.389
39	21	62.955
39	22	41.012
39	23	61.231
39	24	27.82
39	25	16.849
39	26	27.22
39	27	19.853
39	28	15.438
39	29	39.863
39	30	13.427
39	31	8.2
39	32	28.003
39	33	18.887
39	34	21.342
39	35	24.216
39	36	29.335
39	37	22.021
39	38	83.67
39	39	19.043
39	40	20.741
39	41	44.069
39	42	51.958
39	43	26.54
39	44	26.018
39	45	32.601
39	46	29.309
39	47	38.243
39	48	19.958
39	49	41.326
39	50	20.637
39	51	33.071
39	52	30.537
39	53	41.012
39	54	23.615
39	55	32.183
39	56	24.529
39	57	15.778
39	58	18.416
39	59	22.1
39	60	31.295
39	61	21.577
39	62	17.972
39	63	26.54
39	64	18.678
39	65	26.749
39	66	11.546
39	67	29.022
39	68	32.157
39	69	26.645
39	70	13.61
39	71	76.042
39	72	19.566
39	73	35.918
39	74	27.873
39	75	35.109
40	1	5.329
40	2	11.311
40	3	29.414
40	4	22.126
40	5	44.016
40	6	18.991
40	7	44.591
40	8	34.534
40	9	26.514
40	10	25.678
40	11	26.149
40	12	29.074
40	13	25.704
40	14	12.251
40	15	23.745
40	16	34.691
40	17	24.216
40	18	30.198
40	19	11.912
40	20	30.798
40	21	57.104
40	22	31.556
40	23	14.576
40	24	15.569
40	25	39.732
40	26	31.007
40	27	23.745
40	28	79.438
40	29	44.931
40	30	22.727
40	31	26.54
40	32	13.584
40	33	26.41
40	34	54.361
40	35	45.14
40	36	18.129
40	37	44.643
40	38	17.528
40	39	21.603
40	40	56.503
40	41	19.749
40	42	25.234
40	43	45.453
40	44	28.944
40	45	20.715
40	46	28.891
40	47	53.029
40	48	23.38
40	49	23.719
40	50	37.616
40	51	23.092
40	52	21.969
40	53	19.696
40	54	9.404
40	55	26.149
40	56	46.837
40	57	24.137
40	58	27.742
40	59	22.779
40	60	34.455
40	61	36.963
40	62	23.902
40	63	14.524
40	64	48.98
40	65	26.802
40	66	33.202
40	67	67.866
40	68	26.593
40	69	13.218
40	70	13.531
40	71	9.012
40	72	8.046
40	73	9.091
40	74	20.741
40	75	14.576
40	76	13.322
40	77	19.017
40	78	41.456
40	79	12.095
40	80	17.763
40	81	9.535
40	82	34.037
40	83	21.682
40	84	18.233
40	85	21.734
41	1	5.799
41	2	7.419
41	3	12.722
41	4	14.315
41	5	31.843
41	6	31.843
41	7	12.852
41	8	12.826
41	9	19.931
41	10	29.701
41	11	28.186
41	12	36.258
41	13	14.106
41	14	40.307
41	15	36.441
41	16	37.251
41	17	22.178
41	18	11.624
41	19	12.931
41	20	24.059
41	21	31.216
41	22	36.049
41	23	17.842
41	24	18.442
41	25	45.296
41	26	16.091
41	27	21.943
41	28	30.25
41	29	27.82
41	30	38.086
41	31	27.167
41	32	9.143
41	33	21.603
41	34	28.996
41	35	22.073
41	36	22.727
41	37	37.486
41	38	19.54
41	39	47.621
41	40	52.245
41	41	21.603
41	42	22.204
41	43	26.096
41	44	61.649
41	45	33.829
41	46	22.805
41	47	50.73
41	48	20.323
41	49	21.864
41	50	73.038
41	51	26.018
41	52	24.294
41	53	35.265
41	54	25.966
42	1	5.721
42	2	13.166
42	3	19.461
42	4	15.517
42	5	42.214
42	6	29.414
42	7	42.266
42	8	38.139
42	9	27.873
42	10	32.131
42	11	43.128
42	12	29.989
42	13	73.874
42	14	55.536
42	15	86.23
42	16	46.968
42	17	28.813
42	18	47.961
42	19	23.771
42	20	28.16
42	21	31.034
42	22	40.855
42	23	48.17
42	24	34.691
42	25	18.26
42	26	24.816
42	27	31.869
42	28	20.349
42	29	29.283
42	30	20.741
42	31	24.738
42	32	11.311
42	33	23.902
42	34	12.487
42	35	16.718
42	36	34.142
42	37	20.584
42	38	23.641
42	39	14.916
42	40	35.396
42	41	18.129
42	42	28.029
42	43	16.144
42	44	33.463
42	45	54.805
42	46	30.616
42	47	35.082
42	48	56.895
42	49	32.758
42	50	29.44
42	51	40.255
42	52	55.327
42	53	25.522
43	1	5.407
43	2	6.06
43	3	15.517
43	4	15.621
43	5	17.763
43	6	11.207
43	7	17.789
43	8	18.704
43	9	22.047
43	10	22.152
43	11	29.153
43	12	19.54
43	13	46.393
43	14	12.643
43	15	21.603
43	16	14.707
43	17	22.988
43	18	13.767
43	19	29.074
43	20	27.559
43	21	18.103
43	22	29.91
43	23	52.14
43	24	31.582
43	25	17.058
43	26	21.447
43	27	12.46
43	28	16.718
43	29	24.634
43	30	20.846
43	31	18.39
43	32	53.447
43	33	43.729
43	34	14.237
43	35	28.317
43	36	18.129
43	37	19.069
43	38	25.678
43	39	17.816
43	40	20.01
43	41	14.602
43	42	17.816
43	43	19.879
43	44	14.446
43	45	27.481
43	46	25.208
43	47	17.502
43	48	26.932
43	49	21.185
43	50	18.312
43	51	31.53
43	52	17.972
43	53	25.757
43	54	19.461
43	55	19.096
43	56	14.158
43	57	15.177
43	58	25.6
43	59	20.297
43	60	21.002
43	61	26.932
43	62	19.513
43	63	46.315
43	64	23.197
43	65	21.943
43	66	20.872
43	67	14.942
43	68	15.02
43	69	10.527
43	70	15.073
43	71	32.0
43	72	17.293
43	73	13.244
43	74	14.184
43	75	10.109
43	76	14.289
43	77	17.189
43	78	16.771
43	79	12.173
43	80	25.025
43	81	15.595
43	82	14.89
43	83	18.155
43	84	20.95
43	85	25.548
43	86	24.137
43	87	20.689
43	88	15.987
43	89	14.237
44	1	4.441
44	2	7.445
44	3	23.223
44	4	10.423
44	5	14.106
44	6	15.987
44	7	18.782
44	8	25.156
44	9	9.744
44	10	15.778
44	11	12.434
44	12	11.337
44	13	15.673
44	14	12.826
44	15	17.659
44	16	14.341
44	17	18.521
44	18	20.402
44	19	21.629
44	20	16.144
44	21	9.378
44	22	17.737
44	23	12.042
44	24	16.431
44	25	10.397
44	26	8.96
44	27	11.207
44	28	11.416
44	29	17.006
44	30	15.778
44	31	19.122
44	32	12.356
44	33	17.267
44	34	11.494
44	35	14.942
44	36	14.315
44	37	26.41
44	38	15.02
44	39	20.271
44	40	13.949
44	41	18.051
44	42	17.711
44	43	7.21
44	44	6.452
44	45	7.706
44	46	5.616
44	47	11.807
44	48	12.696
44	49	9.744
44	50	13.087
44	51	10.292
44	52	7.184
44	53	15.438
44	54	11.834
44	55	11.964
44	56	19.827
44	57	14.237
44	58	15.125
44	59	10.214
45	1	5.982
45	2	13.009
45	3	13.688
45	4	22.491
45	5	45.27
45	6	28.447
45	7	8.986
45	8	28.839
45	9	24.372
45	10	39.445
45	11	23.354
45	12	27.873
45	13	30.642
45	14	27.768
45	15	25.835
45	16	34.377
45	17	50.442
45	18	26.54
45	19	35.37
45	20	21.368
45	21	38.191
45	22	26.384
45	23	54.726
45	24	37.669
45	25	43.729
45	26	31.086
45	27	23.98
45	28	30.459
45	29	26.567
45	30	29.597
45	31	26.593
45	32	37.59
45	33	19.069
45	34	28.97
45	35	35.318
45	36	16.692
45	37	17.92
46	1	5.251
46	2	11.964
46	3	34.847
46	4	50.207
46	5	29.153
46	6	21.812
46	7	30.563
46	8	45.871
46	9	28.735
46	10	33.985
46	11	26.41
46	12	25.913
46	13	14.446
46	14	18.051
46	15	77.192
46	16	29.414
46	17	47.752
46	18	29.466
46	19	18.26
46	20	51.148
46	21	39.158
46	22	20.585
46	23	26.593
46	24	31.399
46	25	25.783
46	26	68.807
46	27	15.726
46	28	30.198
46	29	37.329
46	30	42.136
46	31	24.999
46	32	33.567
46	33	40.359
46	34	31.451
46	35	46.89
47	1	14.367
47	2	32.522
47	3	31.269
47	4	75.363
47	5	6.557
47	6	10.162
47	7	20.558
47	8	11.572
47	9	16.196
47	10	29.414
47	11	22.805
47	12	43.886
47	13	26.096
47	14	28.212
47	15	94.015
47	16	44.722
47	17	13.375
47	18	31.765
47	19	35.291
47	20	51.696
47	21	21.499
47	22	18.39
47	23	16.248
47	24	14.994
47	25	24.973
47	26	27.011
47	27	17.711
47	28	19.409
47	29	15.438
47	30	35.474
47	31	20.114
47	32	35.788
47	33	22.335
47	34	23.589
47	35	22.805
47	36	26.123
47	37	14.472
47	38	62.171
48	1	9.927
48	2	27.402
48	3	10.345
48	4	39.549
48	5	39.001
48	6	55.458
48	7	17.241
48	8	15.256
48	9	24.816
48	10	50.651
48	11	62.302
48	12	45.74
48	13	19.148
48	14	28.238
48	15	39.079
48	16	35.579
48	17	34.403
48	18	22.674
48	19	13.322
48	20	35.213
48	21	17.45
48	22	15.882
48	23	16.483
48	24	27.402
48	25	65.228
48	26	54.831
48	27	48.875
48	28	24.764
48	29	117.734
49	1	30.015
49	2	50.808
49	3	35.605
49	4	19.879
49	5	22.256
49	6	42.24
49	7	75.938
49	8	16.509
49	9	64.026
49	10	26.958
49	11	86.648
49	12	62.015
49	13	48.64
49	14	55.536
49	15	40.176
49	16	27.585
49	17	37.695
49	18	21.708
50	1	12.617
50	2	22.727
50	3	16.17
50	4	18.286
50	5	18.051
50	6	25.731
50	7	22.439
50	8	13.61
50	9	25.835
50	10	14.968
50	11	22.831
50	12	13.688
50	13	9.718
50	14	18.233
50	15	19.618
50	16	23.536
50	17	14.106
50	18	13.714
50	19	17.972
50	20	15.543
50	21	15.465
50	22	21.786
50	23	10.109
50	24	11.572
50	25	9.953
50	26	18.416
50	27	19.801
50	28	15.647
50	29	14.916
50	30	19.331
50	31	11.154
50	32	12.173
50	33	14.028
50	34	12.356
50	35	15.883
50	36	26.07
50	37	21.107
50	38	21.995
50	39	20.637
50	40	15.7
50	41	13.296
50	42	16.718
50	43	12.539
50	44	18.913
50	45	27.063
51	1	5.616
51	2	5.355
51	3	5.669
51	4	6.113
51	5	7.785
51	6	6.505
51	7	6.609
51	8	8.281
51	9	5.015
51	10	6.374
51	11	10.031
51	12	8.255
51	13	8.673
51	14	16.562
51	15	12.931
51	16	20.428
51	17	11.128
51	18	8.098
51	19	15.308
51	20	14.028
51	21	12.539
51	22	11.076
51	23	21.76
51	24	10.71
51	25	18.808
51	26	14.237
51	27	11.024
51	28	18.913
51	29	19.749
51	30	22.073
51	31	6.322
51	32	13.166
51	33	7.706
51	34	6.792
51	35	7.628
51	36	8.281
51	37	12.042
51	38	13.558
51	39	7.941
51	40	14.681
51	41	9.848
51	42	9.665
51	43	9.169
51	44	11.625
51	45	10.345
51	46	13.636
51	47	11.598
51	48	7.314
51	49	10.188
51	50	19.383
51	51	15.229
51	52	16.509
51	53	10.475
51	54	8.176
51	55	10.345
51	56	9.9
51	57	14.393
51	58	9.378
51	59	12.983
51	60	10.867
52	1	3.631
52	2	5.669
52	3	5.407
52	4	5.015
52	5	4.284
52	6	5.016
52	7	6.165
52	8	5.695
52	9	7.158
52	10	5.094
52	11	7.21
52	12	8.829
52	13	7.732
52	14	11.912
52	15	9.613
52	16	22.047
52	17	9.77
52	18	14.968
52	19	11.99
52	20	15.569
52	21	34.011
52	22	13.688
52	23	12.8
52	24	14.08
52	25	11.259
52	26	14.132
52	27	12.957
52	28	17.006
52	29	15.621
52	30	12.277
52	31	11.807
52	32	14.028
52	33	11.363
52	34	13.479
52	35	10.527
52	36	12.016
52	37	13.923
52	38	19.409
52	39	7.262
52	40	13.296
52	41	8.751
52	42	13.375
52	43	17.502
52	44	15.961
52	45	13.819
52	46	13.296
52	47	19.331
52	48	17.964
52	49	10.013
53	1	5.303
53	2	6.896
53	3	6.296
53	4	6.322
53	5	6.087
53	6	5.982
53	7	6.113
53	8	6.217
53	9	7.21
53	10	9.927
53	11	7.549
53	12	7.785
53	13	6.687
53	14	6.609
53	15	8.02
53	16	7.105
53	17	6.975
53	18	8.673
53	19	7.366
53	20	6.374
53	21	8.281
53	22	7.628
53	23	53.055
53	24	8.072
53	25	8.15
53	26	28.526
53	27	19.905
53	28	24.79
53	29	16.745
53	30	24.059
53	31	26.958
53	32	60.317
53	33	6.531
53	34	6.844
53	35	8.647
53	36	8.856
53	37	8.124
53	38	8.777
53	39	9.848
53	40	7.262
53	41	9.718
53	42	8.385
53	43	7.523
53	44	7.602
53	45	10.632
53	46	7.758
53	47	7.471
53	48	7.732
53	49	7.288
53	50	8.829
53	51	6.896
53	52	16.901
53	53	5.669
53	54	6.374
53	55	10.841
53	56	9.613
53	57	4.885
53	58	9.456
53	59	8.464
53	60	8.829
53	61	6.243
53	62	6.922
54	1	9.979
54	2	13.636
54	3	19.252
54	4	13.584
54	5	10.554
54	6	15.386
54	7	16.326
54	8	16.065
54	9	17.215
54	10	14.602
54	11	13.636
54	12	16.875
54	13	10.057
54	14	12.46
54	15	14.811
54	16	7.027
54	17	13.349
54	18	11.52
54	19	19.2
54	20	13.505
54	21	7.837
54	22	13.14
54	23	7.419
54	24	21.185
54	25	12.931
54	26	9.509
54	27	15.046
54	28	18.762
54	29	8.718
54	30	6.818
54	31	19.984
54	32	12.931
54	33	9.038
54	34	20.637
54	35	14.733
54	36	13.113
54	37	18.077
54	38	12.173
54	39	6.269
54	40	11.52
54	41	9.874
54	42	16.222
54	43	17.868
54	44	10.371
54	45	8.255
54	46	12.774
54	47	10.606
54	48	14.994
54	49	10.998
54	50	16.144
54	51	13.584
54	52	8.542
54	53	10.214
54	54	11.102
54	55	12.121
55	1	4.18
55	2	4.571
55	3	6.165
55	4	4.911
55	5	7.837
55	6	9.3
55	7	10.162
55	8	9.665
55	9	11.259
55	10	7.523
55	11	13.244
55	12	8.438
55	13	14.602
55	14	12.852
55	15	15.334
55	16	13.584
55	17	11.337
55	18	12.382
55	19	8.568
55	20	11.468
55	21	12.173
55	22	10.371
55	23	13.688
55	24	14.655
55	25	13.375
55	26	8.176
55	27	13.505
55	28	13.819
55	29	17.554
55	30	13.845
55	31	9.117
55	32	12.513
55	33	34.56
55	34	14.681
55	35	18.442
55	36	13.061
55	37	15.909
55	38	14.55
55	39	18.521
55	40	13.479
55	41	16.3
55	42	15.177
55	43	13.113
55	44	11.99
55	45	15.647
55	46	12.251
55	47	16.692
55	48	8.49
55	49	15.256
55	50	8.829
55	51	13.714
55	52	12.565
55	53	14.55
55	54	24.555
55	55	15.7
55	56	21.107
55	57	14.733
55	58	11.755
55	59	13.74
55	60	14.498
55	61	15.491
55	62	9.822
55	63	14.394
55	64	9.561
55	65	13.923
55	66	10.371
55	67	14.994
55	68	12.069
55	69	14.603
55	70	9.247
55	71	14.184
55	72	10.684
55	73	13.923
55	74	14.733
55	75	15.282
55	76	15.073
55	77	14.446
55	78	12.434
56	1	6.557
56	2	7.654
56	3	6.322
56	4	7.471
56	5	7.21
56	6	10.24
56	7	10.423
56	8	12.33
56	9	13.322
56	10	7.785
56	11	8.098
56	12	7.732
56	13	7.288
56	14	8.673
56	15	7.105
56	16	11.076
56	17	10.318
56	18	14.211
56	19	11.938
56	20	11.128
56	21	9.927
56	22	6.531
56	23	8.647
56	24	12.042
56	25	12.121
56	26	10.945
56	27	12.199
56	28	7.34
56	29	7.706
56	30	6.478
56	31	8.934
56	32	6.374
56	33	9.091
56	34	6.896
56	35	12.748
56	36	8.281
56	37	6.034
56	38	7.079
56	39	8.124
56	40	8.751
56	41	12.722
56	42	7.445
56	43	7.523
56	44	8.307
56	45	10.345
56	46	11.964
56	47	21.342
56	48	10.031
56	49	10.188
56	50	13.74
56	51	15.909
56	52	11.416
56	53	7.053
56	54	8.124
56	55	7.184
56	56	8.124
56	57	10.971
56	58	7.863
56	59	12.539
56	60	14.132
56	61	17.084
56	62	15.125
56	63	8.385
56	64	13.479
56	65	16.144
56	66	6.478
56	67	8.202
56	68	10.214
56	69	14.315
56	70	13.636
56	71	10.136
56	72	15.726
56	73	13.662
56	74	9.848
56	75	9.848
56	76	10.58
56	77	8.829
56	78	6.896
56	79	11.154
56	80	10.136
56	81	10.815
56	82	11.18
56	83	10.71
56	84	9.822
56	85	13.14
56	86	12.826
56	87	13.427
56	88	11.598
56	89	12.722
56	90	11.964
56	91	9.509
56	92	16.118
56	93	6.295
56	94	5.904
56	95	9.979
56	96	8.699
57	1	19.278
57	2	23.145
57	3	19.827
57	4	60.108
57	5	16.64
57	6	23.562
57	7	34.638
57	8	28.656
57	9	32.705
57	10	67.997
57	11	21.577
57	12	49.424
57	13	45.871
57	14	35.422
57	15	24.79
57	16	41.535
57	17	23.615
57	18	21.655
57	19	46.759
57	20	75.886
57	21	45.375
57	22	33.019
57	23	26.593
57	24	23.145
57	25	67.187
57	26	32.549
57	27	79.595
57	28	41.221
57	29	36.389
58	1	34.455
58	2	53.603
58	3	45.558
58	4	56.424
58	5	45.453
58	6	32.862
58	7	87.798
58	8	76.696
58	9	43.677
58	10	38.635
58	11	58.854
58	12	43.285
58	13	47.7
58	14	28.891
58	15	20.088
58	16	22.7
58	17	30.616
58	18	35.762
58	19	34.299
58	20	21.447
58	21	19.278
58	22	108.434
59	1	18.312
59	2	80.953
59	3	28.16
59	4	31.582
59	5	27.429
59	6	47.464
59	7	79.491
59	8	44.748
59	9	69.851
59	10	53.211
59	11	45.453
59	12	28.683
59	13	24.973
59	14	33.802
59	15	15.334
59	16	25.13
59	17	19.435
59	18	23.954
59	19	17.894
59	20	18.103
59	21	28.996
59	22	17.162
59	23	24.634
59	24	23.667
60	1	86.309
60	2	22.753
60	3	21.969
60	4	85.969
60	5	18.103
60	6	22.7
60	7	24.007
60	8	28.473
60	9	34.9
60	10	107.598
60	11	35.5
60	12	81.11
60	13	25.966
61	1	15.856
61	2	14.89
61	3	12.408
61	4	21.159
61	5	39.497
61	6	64.026
61	7	23.04
61	8	19.54
61	9	21.891
61	10	19.801
61	11	32.026
61	12	30.511
61	13	23.171
61	14	72.02
62	1	19.853
62	2	44.591
62	3	15.099
62	4	18.939
62	5	40.699
62	6	32.496
62	7	21.603
62	8	32.026
62	9	36.127
62	10	22.805
62	11	36.545
63	1	35.814
63	2	26.723
63	3	19.148
63	4	51.514
63	5	24.451
63	6	30.041
63	7	40.15
63	8	36.702
63	9	35.474
63	10	57.835
63	11	21.211
64	1	25.652
64	2	23.536
64	3	19.722
64	4	26.514
64	5	20.349
64	6	39.602
64	7	32.104
64	8	24.66
64	9	70.583
64	10	25.391
64	11	29.414
64	12	22.727
64	13	19.487
64	14	35.239
64	15	20.611
64	16	28.5
64	17	20.794
64	18	10.919
65	1	64.549
65	2	50.73
65	3	32.104
65	4	53.081
65	5	26.384
65	6	72.856
65	7	47.073
65	8	28.317
65	9	13.401
65	10	31.06
65	11	63.138
65	12	50.469
66	1	27.69
66	2	23.432
66	3	51.566
66	4	43.415
66	5	55.144
66	6	56.633
66	7	24.895
66	8	113.032
66	9	30.772
66	10	53.812
66	11	56.006
66	12	32.758
67	1	15.073
67	2	22.256
67	3	32.313
67	4	18.129
67	5	30.694
67	6	17.267
67	7	13.375
67	8	27.533
67	9	33.071
67	10	18.495
67	11	13.845
67	12	19.357
67	13	18.573
67	14	12.095
67	15	25.966
67	16	18.521
67	17	24.555
67	18	14.916
67	19	35.553
67	20	28.056
67	21	22.413
67	22	26.436
67	23	26.122
67	24	12.722
67	25	15.83
67	26	17.45
67	27	27.742
67	28	24.398
67	29	24.529
67	30	23.145
68	1	13.166
68	2	10.58
68	3	9.796
68	4	9.874
68	5	7.131
68	6	7.21
68	7	21.107
68	8	6.896
68	9	8.647
68	10	9.953
68	11	11.102
68	12	10.24
68	13	8.307
68	14	8.751
68	15	16.17
68	16	7.001
68	17	23.98
68	18	6.113
68	19	17.032
68	20	6.034
68	21	6.922
68	22	13.453
68	23	8.725
68	24	11.755
68	25	10.214
68	26	14.524
68	27	7.68
68	28	12.826
68	29	15.621
68	30	12.042
68	31	13.531
68	32	22.883
68	33	21.42
68	34	14.42
68	35	9.117
68	36	6.844
68	37	9.221
68	38	9.613
68	39	19.67
68	40	9.065
68	41	17.972
68	42	16.745
68	43	22.596
68	44	20.219
68	45	11.546
68	46	14.132
68	47	9.665
68	48	18.103
68	49	20.637
68	50	12.121
68	51	25.522
68	52	11.128
69	1	5.146
69	2	6.139
69	3	8.751
69	4	7.419
69	5	5.956
69	6	11.389
69	7	20.585
69	8	6.478
69	9	11.05
69	10	8.647
69	11	10.475
69	12	11.833
69	13	7.654
69	14	8.464
69	15	6.217
69	16	10.423
69	17	18.704
69	18	9.509
69	19	16.405
69	20	9.744
69	21	5.433
69	22	5.094
69	23	5.381
69	24	16.3
69	25	14.472
69	26	6.818
69	27	6.4
69	28	7.889
69	29	5.825
69	30	5.46
69	31	6.034
69	32	11.337
69	33	8.568
69	34	8.281
69	35	7.184
69	36	7.758
69	37	9.535
69	38	7.941
69	39	5.512
69	40	7.785
69	41	11.233
69	42	11.912
69	43	8.359
69	44	10.344
69	45	6.4
69	46	7.758
69	47	9.979
69	48	8.568
69	49	11.625
69	50	8.438
69	51	5.799
69	52	7.158
70	1	9.352
70	2	6.661
70	3	4.65
70	4	17.371
70	5	5.433
70	6	5.956
70	7	4.702
70	8	7.367
70	9	5.512
70	10	7.079
70	11	15.647
70	12	5.747
70	13	6.426
70	14	10.998
70	15	7.497
70	16	5.721
70	17	6.426
70	18	4.284
70	19	7.994
70	20	6.191
70	21	6.452
70	22	5.538
70	23	11.625
70	24	10.554
70	25	8.464
70	26	8.699
70	27	10.031
70	28	9.352
70	29	7.889
70	30	18.233
70	31	13.296
70	32	10.632
70	33	10.397
70	34	9.43
70	35	11.285
70	36	8.777
70	37	7.811
70	38	13.244
70	39	15.282
70	40	14.002
70	41	13.453
70	42	15.151
70	43	16.901
70	44	18.26
71	1	23.536
71	2	11.389
71	3	8.777
71	4	33.776
71	5	11.05
71	6	11.024
71	7	28.787
71	8	8.072
71	9	14.341
71	10	11.677
71	11	9.012
71	12	17.894
71	13	8.803
71	14	5.721
71	15	13.113
71	16	11.572
71	17	9.456
71	18	10.841
71	19	7.288
71	20	7.549
71	21	20.767
71	22	7.105
71	23	20.585
71	24	15.673
71	25	22.518
71	26	14.106
71	27	20.14
71	28	24.477
72	1	22.1
72	2	17.763
72	3	14.576
72	4	13.401
72	5	16.745
72	6	20.611
72	7	14.733
72	8	17.998
72	9	23.641
72	10	18.495
72	11	18.86
72	12	18.129
72	13	24.216
72	14	21.447
72	15	11.207
72	16	14.289
72	17	19.305
72	18	12.8
72	19	18.207
72	20	15.047
72	21	11.833
72	22	18.469
72	23	30.407
72	24	18.939
72	25	17.398
72	26	13.087
72	27	20.14
72	28	20.088
73	1	8.49
73	2	7.236
73	3	8.934
73	4	10.031
73	5	10.867
73	6	12.565
73	7	8.777
73	8	9.77
73	9	14.89
73	10	12.251
73	11	13.401
73	12	10.684
73	13	11.468
73	14	14.184
73	15	24.529
73	16	12.121
73	17	14.054
73	18	15.569
73	19	18.834
73	20	133.251
74	1	7.105
74	2	4.336
74	3	4.754
74	4	4.806
74	5	4.18
74	6	6.452
74	7	5.851
74	8	7.184
74	9	9.012
74	10	7.21
74	11	6.975
74	12	7.915
74	13	5.46
74	14	5.851
74	15	6.609
74	16	11.468
74	17	5.538
74	18	6.896
74	19	4.885
74	20	5.695
74	21	3.736
74	22	4.937
74	23	5.433
74	24	10.58
74	25	9.456
74	26	4.571
74	27	7.001
74	28	6.087
74	29	5.042
74	30	6.322
74	31	82.39
74	32	2.873
74	33	3.37
74	34	5.172
74	35	4.441
74	36	3.03
74	37	8.777
74	38	7.34
74	39	6.557
74	40	7.758
74	41	3.553
74	42	6.374
74	43	5.642
74	44	4.624
74	45	7.419
74	46	6.478
74	47	8.568
74	48	7.053
74	49	6.217
74	50	6.217
74	51	3.84
74	52	10.554
74	53	6.217
74	54	5.486
74	55	5.068
74	56	16.3
75	1	6.348
75	2	7.445
75	3	7.915
75	4	10.58
75	5	7.21
75	6	6.191
75	7	3.971
75	8	3.474
75	9	4.833
75	10	9.953
75	11	3.84
75	12	6.348
75	13	10.24
75	14	9.509
75	15	5.224
75	16	7.602
75	17	7.706
75	18	7.497
75	19	8.046
75	20	6.896
75	21	4.937
75	22	7.471
75	23	6.322
75	24	7.785
75	25	7.523
75	26	8.229
75	27	7.915
75	28	7.079
75	29	6.635
75	30	7.497
75	31	5.773
75	32	6.478
75	33	9.326
75	34	5.146
75	35	6.975
75	36	8.751
75	37	8.542
75	38	9.77
75	39	8.96
75	40	12.225
76	1	14.994
76	2	19.958
76	3	14.759
76	4	16.144
76	5	15.569
76	6	14.106
76	7	14.838
76	8	16.718
76	9	18.495
76	10	14.629
76	11	16.222
76	12	12.199
76	13	18.521
76	14	15.256
76	15	18.469
76	16	12.643
76	17	13.584
76	18	10.554
76	19	20.454
76	20	13.819
76	21	31.164
76	22	17.267
76	23	13.61
76	24	13.923
76	25	9.718
76	26	12.042
76	27	21.107
76	28	22.413
76	29	18.181
76	30	23.458
76	31	18.338
77	1	5.538
77	2	5.642
77	3	5.904
77	4	5.538
77	5	5.329
77	6	5.642
77	7	8.281
77	8	6.269
77	9	6.557
77	10	5.747
77	11	5.277
77	12	6.139
77	13	4.362
77	14	8.516
77	15	10.214
77	16	6.531
77	17	7.837
77	18	7.994
77	19	10.031
77	20	11.52
77	21	9.169
77	22	6.087
77	23	7.393
77	24	10.266
77	25	7.027
77	26	7.523
77	27	18.678
77	28	9.378
77	29	14.158
77	30	11.207
77	31	9.221
77	32	9.247
77	33	7.184
77	34	10.162
77	35	7.497
77	36	8.986
77	37	10.188
77	38	13.505
77	39	9.352
77	40	10.893
77	41	10.658
77	42	7.758
77	43	13.349
77	44	8.777
77	45	9.43
77	46	11.755
77	47	8.986
77	48	10.162
77	49	9.326
77	50	9.796
78	1	7.994
78	2	5.46
78	3	7.68
78	4	5.825
78	5	8.464
78	6	6.818
78	7	5.564
78	8	6.139
78	9	7.001
78	10	6.426
78	11	7.549
78	12	8.882
78	13	8.516
78	14	13.009
78	15	9.326
78	16	6.609
78	17	9.639
78	18	10.71
78	19	10.318
78	20	8.882
78	21	9.9
78	22	5.799
78	23	8.307
78	24	10.292
78	25	7.68
78	26	8.229
78	27	9.195
78	28	8.751
78	29	8.594
78	30	11.677
78	31	7.497
78	32	6.792
78	33	5.825
78	34	5.564
78	35	11.154
78	36	12.617
78	37	17.371
78	38	25.365
78	39	19.67
78	40	30.746
79	1	6.034
79	2	6.583
79	3	6.531
79	4	5.982
79	5	6.713
79	6	5.747
79	7	5.59
79	8	8.046
79	9	6.06
79	10	11.207
79	11	8.359
79	12	9.404
79	13	9.509
79	14	6.896
79	15	6.766
79	16	11.337
79	17	8.751
79	18	9.117
79	19	7.811
79	20	7.314
79	21	4.336
79	22	5.956
79	23	5.068
79	24	6.896
79	25	10.789
79	26	10.815
79	27	14.132
79	28	7.732
79	29	8.594
79	30	7.811
79	31	9.874
79	32	5.747
79	33	7.68
79	34	12.643
79	35	10.266
79	36	7.915
79	37	7.497
79	38	6.661
79	39	7.314
79	40	14.341
79	41	8.49
79	42	11.546
79	43	7.784
79	44	7.628
79	45	11.781
79	46	17.162
80	1	4.31
80	2	6.531
80	3	8.15
80	4	8.333
80	5	5.355
80	6	5.433
80	7	7.549
80	8	8.542
80	9	3.788
80	10	6.008
80	11	7.393
80	12	5.982
80	13	5.303
80	14	6.087
80	15	4.127
80	16	4.336
80	17	7.393
80	18	4.362
80	19	5.878
80	20	4.545
80	21	5.068
80	22	8.124
80	23	7.523
80	24	7.863
80	25	8.49
80	26	7.419
80	27	5.93
80	28	4.807
80	29	5.042
80	30	5.068
80	31	4.937
80	32	7.079
80	33	9.561
80	34	8.307
80	35	5.486
80	36	6.008
80	37	11.442
80	38	7.445
80	39	6.322
80	40	8.568
80	41	4.676
80	42	7.654
81	1	5.094
81	2	6.269
81	3	5.329
81	4	5.642
81	5	5.094
81	6	5.616
81	7	5.982
81	8	5.59
81	9	6.531
81	10	5.198
81	11	5.956
81	12	5.146
81	13	5.695
81	14	8.438
81	15	7.105
81	16	5.329
81	17	5.616
81	18	5.93
81	19	10.318
81	20	9.143
81	21	6.975
81	22	8.96
81	23	7.497
81	24	7.732
81	25	9.221
81	26	4.571
81	27	8.699
81	28	10.501
81	29	17.371
82	1	7.393
82	2	6.426
82	3	5.747
82	4	5.407
82	5	8.673
82	6	13.688
82	7	8.516
82	8	10.841
82	9	8.281
82	10	9.143
82	11	6.087
82	12	8.124
82	13	7.811
82	14	8.307
82	15	7.262
82	16	10.606
82	17	9.535
82	18	11.442
82	19	16.98
83	1	5.825
83	2	10.841
83	3	11.442
83	4	12.591
83	5	4.937
83	6	11.076
83	7	13.087
83	8	8.594
83	9	6.322
83	10	10.397
83	11	9.378
83	12	12.539
83	13	15.151
83	14	14.498
83	15	14.707
83	16	8.986
83	17	14.576
83	18	13.636
83	19	9.169
83	20	6.4
83	21	7.497
83	22	7.941
83	23	9.482
83	24	10.841
83	25	8.647
83	26	16.222
83	27	8.02
83	28	9.587
83	29	16.144
83	30	9.509
83	31	14.054
83	32	21.002
83	33	11.05
83	34	12.487
83	35	8.176
83	36	10.945
84	1	7.863
84	2	7.131
84	3	4.963
84	4	7.393
84	5	7.549
84	6	18.913
84	7	9.979
84	8	9.012
84	9	10.266
84	10	11.572
84	11	5.669
84	12	5.433
84	13	10.736
84	14	8.594
84	15	11.912
84	16	6.922
84	17	5.433
84	18	4.493
84	19	8.176
84	20	6.661
84	21	11.389
84	22	7.732
84	23	9.247
84	24	8.699
84	25	15.856
85	1	8.725
85	2	6.243
85	3	6.635
85	4	6.766
85	5	6.818
85	6	6.687
85	7	13.061
85	8	17.868
85	9	20.558
85	10	25.443
85	11	29.362
85	12	7.105
85	13	7.68
85	14	5.93
85	15	5.721
85	16	6.922
85	17	7.131
85	18	5.956
85	19	9.091
85	20	10.005
85	21	7.628
85	22	6.635
86	1	6.426
86	2	7.158
86	3	4.624
86	4	10.162
86	5	8.908
86	6	7.915
86	7	9.195
86	8	9.091
86	9	6.4
86	10	10.632
86	11	6.949
86	12	5.721
86	13	6.792
86	14	5.146
86	15	7.053
86	16	4.519
86	17	9.012
87	1	6.766
87	2	6.113
87	3	6.478
87	4	7.236
87	5	7.967
87	6	6.949
87	7	17.868
87	8	6.269
87	9	7.628
87	10	7.105
87	11	7.027
87	12	7.158
87	13	10.606
87	14	6.452
87	15	7.001
87	16	8.359
87	17	7.419
87	18	8.333
87	19	7.21
88	1	8.046
88	2	8.516
88	3	6.165
88	4	6.635
88	5	7.393
88	6	10.475
88	7	11.259
88	8	7.915
88	9	6.008
88	10	6.583
88	11	7.889
88	12	7.34
88	13	7.654
88	14	7.001
88	15	6.191
88	16	7.027
88	17	10.632
88	18	8.568
88	19	7.053
88	20	7.497
88	21	10.266
88	22	7.445
88	23	7.732
88	24	9.744
88	25	9.43
88	26	8.516
89	1	3.762
89	2	5.172
89	3	4.963
89	4	5.59
89	5	8.229
89	6	10.083
89	7	6.06
89	8	10.58
89	9	10.658
89	10	7.184
89	11	8.124
89	12	7.34
89	13	9.43
89	14	9.718
89	15	23.197
89	16	20.088
89	17	11.337
89	18	14.106
89	19	9.953
89	20	9.43
89	21	12.722
89	22	11.781
89	23	24.634
89	24	12.983
89	25	11.102
89	26	8.882
89	27	11.337
89	28	12.121
89	29	5.851
89	30	6.896
90	1	8.203
90	2	7.863
90	3	6.217
90	4	9.143
90	5	9.065
90	6	7.706
90	7	9.482
90	8	7.549
90	9	7.628
90	10	8.385
90	11	5.433
90	12	7.889
90	13	6.008
90	14	10.136
90	15	6.74
90	16	7.366
90	17	18.495
90	18	8.255
90	19	13.584
90	20	6.949
91	1	4.963
91	2	4.937
91	3	6.322
91	4	6.792
91	5	7.445
91	6	5.773
91	7	6.792
91	8	9.456
91	9	7.706
91	10	6.922
91	11	7.706
91	12	6.06
91	13	12.095
91	14	16.953
91	15	6.295
92	1	5.721
92	2	7.366
92	3	7.131
92	4	6.661
92	5	7.628
92	6	5.433
92	7	6.949
92	8	7.523
92	9	4.989
92	10	6.374
92	11	11.755
92	12	6.505
92	13	8.829
92	14	8.542
92	15	8.072
92	16	6.322
92	17	5.564
92	18	8.438
92	19	11.389
92	20	9.378
92	21	4.206
93	1	3.056
93	2	5.251
93	3	7.027
93	4	8.594
93	5	8.803
93	6	7.628
93	7	8.856
93	8	8.594
93	9	7.523
93	10	9.038
93	11	8.098
94	1	6.243
94	2	6.531
94	3	7.288
94	4	6.243
94	5	7.262
94	6	6.348
94	7	5.904
94	8	5.407
95	1	5.982
95	2	4.859
95	3	6.165
95	4	12.826
95	5	9.43
95	6	16.849
95	7	8.307
95	8	8.594
96	1	7.837
96	2	7.027
96	3	6.478
96	4	5.956
96	5	9.822
96	6	10.606
96	7	5.068
96	8	8.647
96	9	6.139
96	10	6.322
96	11	7.549
96	12	5.277
96	13	7.628
96	14	9.169
96	15	13.009
96	16	8.725
96	17	5.042
96	18	5.329
96	19	8.307
97	1	11.886
97	2	9.247
97	3	9.822
97	4	17.215
97	5	7.523
98	1	22.831
98	2	12.016
98	3	6.583
98	4	19.435
98	5	31.112
98	6	26.802
98	7	17.763
98	8	38.165
99	1	8.464
99	2	7.471
99	3	7.889
99	4	8.699
99	5	7.523
99	6	13.976
99	7	11.703
99	8	11.024
100	1	5.721
100	2	5.695
100	3	5.355
100	4	5.486
100	5	5.747
100	6	10.606
100	7	8.255
100	8	9.404
100	9	9.665
100	10	5.956
100	11	10.554
101	1	3.736
101	2	3.762
101	3	7.811
101	4	10.763
101	5	11.024
101	6	8.542
101	7	7.079
101	8	8.202
101	9	5.433
101	10	6.975
101	11	5.198
102	1	5.303
102	2	5.982
102	3	6.687
102	4	9.352
102	5	9.091
102	6	5.982
102	7	9.117
102	8	11.781
103	1	2.769
103	2	7.079
103	3	19.644
104	1	6.844
104	2	7.915
104	3	8.202
104	4	9.038
104	5	7.68
104	6	6.818
104	7	7.628
104	8	7.158
104	9	6.139
105	1	10.318
105	2	8.438
105	3	9.326
105	4	9.822
105	5	8.49
106	1	5.825
106	2	10.919
106	3	8.751
106	4	14.629
107	1	8.255
107	2	8.072
107	3	8.882
107	4	6.217
107	5	10.292
107	6	7.863
107	7	6.766
108	1	8.934
108	2	5.799
108	3	7.837
109	1	9.691
109	2	7.602
109	3	10.632
109	4	8.803
109	5	10.24
109	6	7.053
110	1	9.247
110	2	12.878
110	3	16.065
111	1	9.613
111	2	10.188
111	3	7.811
111	4	7.471
111	5	8.046
112	1	5.825
112	2	5.042
112	3	5.93
112	4	8.124
113	1	6.295
113	2	5.46
113	3	7.68
113	4	9.221
113	5	7.758
114	1	7.915
114	2	4.702
114	3	4.963
114	4	9.43
114	5	10.475
114	6	8.49
