1	1	4	12
1	2	4	15
1	3	2	8
1	4	3	8
1	5	4	16
1	6	3	13
1	7	9	34
2	1	3	6
2	2	7	21
2	3	8	36
2	4	12	44
2	5	8	26
2	6	11	40
2	7	12	43
2	8	11	36
2	9	10	36
2	10	12	37
2	11	11	31
2	12	7	23
2	13	19	55
2	14	16	51
2	15	7	30
2	16	11	39
2	17	17	57
2	18	6	16
2	19	19	66
2	20	25	81
2	21	11	40
2	22	23	77
2	23	20	59
2	24	13	44
2	25	34	107
2	26	39	113
2	27	20	64
2	28	13	51
2	29	19	51
2	30	28	89
2	31	15	56
2	32	12	35
2	33	22	83
2	34	13	48
2	35	18	61
2	36	19	67
2	37	11	33
2	38	17	52
2	39	10	33
2	40	13	51
2	41	18	56
2	42	8	32
2	43	7	23
2	44	10	45
2	45	8	31
2	46	8	31
2	47	11	43
2	48	19	53
2	49	18	69
2	50	10	45
2	51	12	44
2	52	8	27
2	53	7	29
2	54	26	98
2	55	14	48
2	56	7	27
2	57	18	70
2	58	20	72
2	59	18	54
2	60	28	91
2	61	59	197
2	62	24	81
2	63	15	53
2	64	13	46
2	65	12	40
2	66	9	36
2	67	20	63
2	68	23	59
2	69	18	52
2	70	17	45
2	71	24	71
2	72	10	35
2	73	11	44
2	74	37	117
2	75	19	64
2	76	23	76
2	77	9	28
2	78	11	35
2	79	24	81
2	80	23	67
2	81	13	42
2	82	10	35
2	83	29	104
2	84	15	60
2	85	49	187
2	86	13	47
2	87	28	109
2	88	10	34
2	89	26	79
2	90	27	85
2	91	30	95
2	92	11	41
2	93	27	102
2	94	17	51
2	95	9	34
2	96	25	85
2	97	18	61
2	98	12	45
2	99	10	35
2	100	10	36
2	101	22	68
2	102	74	240
2	103	12	38
2	104	12	41
2	105	25	77
2	106	19	52
2	107	17	44
2	108	18	56
2	109	33	95
2	110	17	53
2	111	18	55
2	112	17	54
2	113	31	104
2	114	30	85
2	115	12	41
2	116	14	38
2	117	11	35
2	118	24	81
2	119	10	34
2	120	31	86
2	121	15	58
2	122	11	43
2	123	18	51
2	124	19	61
2	125	22	82
2	126	30	97
2	127	14	51
2	128	17	62
2	129	16	66
2	130	18	58
2	131	9	28
2	132	16	50
2	133	27	93
2	134	15	42
2	135	15	43
2	136	31	101
2	137	19	61
2	138	10	31
2	139	14	51
2	140	30	99
2	141	15	42
2	142	21	66
2	143	45	146
2	144	34	116
2	145	32	105
2	146	14	60
2	147	7	22
2	148	19	55
2	149	17	56
2	150	31	117
2	151	17	69
2	152	6	23
2	153	10	32
2	154	13	37
2	155	12	52
2	156	10	33
2	157	9	36
2	158	24	72
2	159	20	68
2	160	11	38
2	161	13	47
2	162	9	28
2	163	9	27
2	164	43	136
2	165	31	92
2	166	12	42
2	167	23	74
2	168	16	47
2	169	11	35
2	170	22	66
2	171	18	52
2	172	14	46
2	173	25	75
2	174	29	92
2	175	11	43
2	176	14	42
2	177	51	188
2	178	37	129
2	179	8	29
2	180	16	64
2	181	13	44
2	182	16	45
2	183	14	47
2	184	32	101
2	185	44	147
2	186	17	57
2	187	65	222
2	188	17	65
2	189	27	89
2	190	13	40
2	191	25	104
2	192	6	18
2	193	15	46
2	194	22	77
2	195	14	47
2	196	73	233
2	197	29	90
2	198	26	85
2	199	12	33
2	200	24	73
2	201	14	42
2	202	8	25
2	203	25	80
2	204	17	49
2	205	14	44
2	206	12	43
2	207	11	35
2	208	15	46
2	209	12	37
2	210	17	56
2	211	20	60
2	212	20	70
2	213	49	157
2	214	30	95
2	215	22	78
2	216	25	77
2	217	57	195
2	218	16	48
2	219	26	99
2	220	26	93
2	221	39	150
2	222	27	93
2	223	16	62
2	224	14	47
2	225	14	50
2	226	13	43
2	227	7	20
2	228	40	146
2	229	46	144
2	230	30	93
2	231	45	160
2	232	33	124
2	233	64	228
2	234	25	103
2	235	47	152
2	236	25	87
2	237	35	117
2	238	8	27
2	239	15	48
2	240	27	93
2	241	6	26
2	242	7	27
2	243	28	79
2	244	9	24
2	245	16	55
2	246	54	161
2	247	43	132
2	248	30	96
2	249	60	185
2	250	15	56
2	251	27	94
2	252	9	33
2	253	52	163
2	254	21	63
2	255	50	144
2	256	24	73
2	257	24	77
2	258	43	122
2	259	67	198
2	260	39	121
2	261	24	78
2	262	24	74
2	263	11	37
2	264	38	129
2	265	27	99
2	266	35	121
2	267	29	92
2	268	13	55
2	269	16	50
2	270	15	45
2	271	20	68
2	272	28	92
2	273	30	98
2	274	17	66
2	275	45	137
2	276	11	31
2	277	19	64
2	278	13	34
2	279	17	58
2	280	14	46
2	281	15	41
2	282	128	431
2	283	32	112
2	284	28	79
2	285	27	97
2	286	49	146
3	1	3	6
3	2	7	17
3	3	11	43
3	4	18	53
3	5	11	25
3	6	13	38
3	7	46	152
3	8	15	45
3	9	13	34
3	10	16	48
3	11	14	53
3	12	9	34
3	13	29	94
3	14	24	93
3	15	24	86
3	16	11	35
3	17	6	38
3	18	18	54
3	19	26	77
3	20	26	95
3	21	18	67
3	22	11	36
3	23	20	63
3	24	15	45
3	25	15	46
3	26	25	77
3	27	21	64
3	28	27	88
3	29	22	57
3	30	26	81
3	31	14	49
3	32	11	32
3	33	11	35
3	34	7	22
3	35	18	52
3	36	24	84
3	37	34	111
3	38	15	42
3	39	20	70
3	40	17	48
3	41	20	59
3	42	12	45
3	43	7	26
3	44	20	72
3	45	20	70
3	46	7	23
3	47	23	63
3	48	5	27
3	49	45	148
3	50	19	63
3	51	8	26
3	52	20	63
3	53	9	32
3	54	6	21
3	55	30	101
3	56	13	41
3	57	11	39
3	58	7	25
3	59	15	40
3	60	7	20
3	61	25	93
3	62	15	41
3	63	6	22
3	64	31	97
3	65	15	53
3	66	19	62
3	67	14	44
3	68	13	44
3	69	13	44
3	70	8	30
3	71	10	42
3	72	17	58
3	73	32	90
3	74	8	27
3	75	36	118
3	76	9	28
3	77	27	92
3	78	29	95
3	79	28	88
3	80	13	54
3	81	33	116
3	82	7	24
3	83	14	49
3	84	29	98
3	85	13	43
3	86	18	58
3	87	9	37
3	88	9	28
3	89	11	31
3	90	14	46
3	91	24	70
3	92	15	40
3	93	24	73
3	94	11	33
3	95	11	34
3	96	10	34
3	97	25	76
3	98	12	36
3	99	19	60
3	100	14	46
3	101	17	61
3	102	12	37
3	103	34	127
3	104	14	59
3	105	14	47
3	106	17	65
3	107	10	31
3	108	11	36
3	109	11	30
3	110	23	94
3	111	11	38
3	112	35	117
3	113	14	45
3	114	15	65
3	115	9	31
3	116	18	55
3	117	23	80
3	118	30	97
3	119	27	95
3	120	21	73
3	121	11	41
3	122	12	45
3	123	10	39
3	124	13	53
3	125	15	57
3	126	17	52
3	127	9	34
3	128	12	40
3	129	16	46
3	130	12	41
3	131	5	17
3	132	5	20
3	133	11	43
3	134	13	48
3	135	23	75
3	136	15	54
3	137	13	42
3	138	6	23
3	139	9	32
3	140	24	83
3	141	6	24
3	142	13	45
3	143	12	48
3	144	27	85
3	145	24	77
3	146	21	59
3	147	19	63
3	148	10	36
3	149	12	44
3	150	6	19
3	151	19	58
3	152	40	137
3	153	25	80
3	154	75	231
3	155	21	67
3	156	36	105
3	157	14	45
3	158	7	23
3	159	30	99
3	160	18	62
3	161	21	58
3	162	13	43
3	163	8	24
3	164	25	87
3	165	20	60
3	166	9	37
3	167	33	113
3	168	16	55
3	169	13	41
3	170	19	64
3	171	11	38
3	172	15	52
3	173	17	54
3	174	15	48
3	175	11	42
3	176	22	65
3	177	12	37
3	178	17	59
3	179	36	111
3	180	30	95
3	181	22	71
3	182	9	31
3	183	28	96
3	184	12	43
3	185	23	78
3	186	24	86
3	187	21	74
3	188	20	67
3	189	9	28
3	190	11	39
3	191	21	72
3	192	11	36
3	193	20	70
3	194	14	44
3	195	43	144
3	196	7	21
3	197	7	25
3	198	21	65
3	199	30	98
3	200	10	36
4	1	28	88
4	2	16	58
4	3	28	85
4	4	14	45
4	5	16	54
4	6	37	142
4	7	19	68
4	8	13	49
4	9	15	52
4	10	13	47
4	11	71	222
4	12	88	250
4	13	18	61
4	14	13	43
4	15	22	82
4	16	14	49
4	17	20	64
4	18	24	79
4	19	34	119
4	20	17	65
4	21	11	40
4	22	17	46
4	23	54	206
4	24	42	144
4	25	58	218
4	26	14	51
4	27	13	43
4	28	8	27
4	29	23	75
4	30	13	41
4	31	12	46
4	32	27	78
4	33	19	66
4	34	40	139
4	35	22	70
4	36	32	109
4	37	15	59
4	38	18	62
4	39	15	50
4	40	15	45
4	41	12	35
4	42	14	45
4	43	48	146
4	44	14	43
4	45	9	32
4	46	38	137
4	47	28	88
4	48	20	56
4	49	14	42
4	50	10	31
4	51	20	65
4	52	11	34
4	53	10	27
4	54	18	60
4	55	11	33
4	56	20	67
4	57	20	74
4	58	25	76
4	59	28	95
4	60	30	95
4	61	15	47
4	62	16	56
4	63	16	52
4	64	23	75
4	65	19	60
4	66	27	84
4	67	6	19
4	68	3	16
4	69	18	64
4	70	7	20
4	71	10	32
4	72	17	52
4	73	18	64
4	74	21	70
4	75	31	99
4	76	20	64
4	77	48	154
4	78	36	116
4	79	18	56
4	80	12	38
4	81	24	79
4	82	13	42
4	83	30	106
4	84	22	66
4	85	22	63
4	86	15	43
4	87	17	49
4	88	22	68
4	89	28	94
4	90	36	135
4	91	32	128
4	92	60	203
4	93	16	57
4	94	39	126
4	95	33	126
4	96	8	29
4	97	27	94
4	98	12	45
4	99	10	30
4	100	31	94
4	101	23	74
4	102	62	229
4	103	20	72
4	104	22	67
4	105	15	49
4	106	7	20
4	107	14	40
4	108	21	62
4	109	18	61
4	110	13	40
4	111	11	36
4	112	14	44
4	113	33	112
4	114	26	77
4	115	20	66
4	116	20	55
4	117	11	32
4	118	8	28
4	119	21	93
4	120	7	27
4	121	7	25
4	122	21	68
4	123	20	56
4	124	16	54
4	125	17	59
4	126	12	30
4	127	40	131
4	128	29	97
4	129	22	75
4	130	11	32
4	131	32	89
4	132	10	26
4	133	12	37
4	134	14	42
4	135	37	120
4	136	28	100
4	137	20	58
4	138	6	21
4	139	14	57
4	140	33	106
4	141	36	129
4	142	19	58
4	143	16	47
4	144	17	61
4	145	11	33
4	146	18	66
4	147	11	37
4	148	14	37
4	149	14	36
4	150	22	81
4	151	8	31
4	152	17	60
4	153	37	125
4	154	19	63
4	155	22	83
4	156	6	26
4	157	34	97
4	158	8	22
4	159	14	48
4	160	14	48
4	161	14	55
4	162	26	103
4	163	25	100
4	164	14	49
4	165	15	47
4	166	13	50
4	167	11	28
4	168	12	39
4	169	11	31
4	170	23	68
4	171	53	152
4	172	18	75
4	173	26	91
4	174	11	37
4	175	15	57
4	176	50	153
5	1	23	74
5	2	52	170
5	3	61	227
5	4	31	102
5	5	43	159
5	6	61	221
5	7	19	62
5	8	26	83
5	9	10	33
5	10	7	27
5	11	23	84
5	12	45	168
5	13	32	110
5	14	25	87
5	15	23	71
5	16	18	60
5	17	42	121
5	18	30	111
5	19	28	81
5	20	22	71
5	21	14	51
5	22	17	51
5	23	21	75
5	24	16	45
5	25	13	40
5	26	14	49
5	27	24	83
5	28	16	51
5	29	13	42
5	30	9	34
5	31	25	83
5	32	40	129
5	33	34	109
5	34	13	37
5	35	13	46
5	36	24	70
5	37	12	36
5	38	13	43
5	39	14	41
5	40	19	57
5	41	67	216
5	42	26	96
5	43	15	56
5	44	41	134
5	45	31	110
5	46	26	93
5	47	16	52
5	48	51	186
5	49	33	110
5	50	10	37
5	51	22	77
5	52	28	87
5	53	15	62
5	54	37	122
5	55	13	47
5	56	11	36
5	57	23	75
5	58	12	41
5	59	20	63
5	60	27	89
5	61	16	48
5	62	13	47
5	63	13	51
5	64	47	167
5	65	12	48
5	66	24	86
5	67	24	71
5	68	30	97
5	69	20	65
5	70	19	68
5	71	19	57
5	72	33	102
5	73	25	72
5	74	8	29
5	75	25	77
5	76	16	42
5	77	23	65
5	78	17	50
5	79	10	30
5	80	19	63
5	81	15	52
5	82	26	97
5	83	21	63
5	84	16	47
5	85	14	48
5	86	7	27
5	87	17	48
5	88	12	36
5	89	45	169
5	90	15	63
5	91	20	72
5	92	13	47
5	93	24	73
5	94	23	82
5	95	50	154
5	96	20	69
5	97	27	84
5	98	9	26
5	99	11	31
5	100	15	53
5	101	25	75
5	102	9	28
5	103	21	64
5	104	24	72
5	105	19	69
5	106	51	169
5	107	26	96
5	108	22	70
5	109	15	44
5	110	63	221
5	111	13	45
5	112	21	64
5	113	15	51
5	114	22	73
5	115	17	57
5	116	44	120
5	117	29	86
5	118	11	42
5	119	24	76
5	120	11	32
6	1	14	51
6	2	14	41
6	3	12	41
6	4	11	32
6	5	12	41
6	6	31	114
6	7	16	51
6	8	13	43
6	9	9	36
6	10	13	44
6	11	10	29
6	12	25	76
6	13	9	25
6	14	24	76
6	15	9	24
6	16	9	33
6	17	17	48
6	18	7	25
6	19	37	113
6	20	13	54
6	21	14	41
6	22	12	47
6	23	12	33
6	24	10	32
6	25	32	103
6	26	11	42
6	27	16	49
6	28	16	43
6	29	9	26
6	30	19	56
6	31	26	80
6	32	13	46
6	33	14	51
6	34	22	70
6	35	28	90
6	36	10	40
6	37	19	56
6	38	22	63
6	39	17	55
6	40	15	50
6	41	12	39
6	42	11	48
6	43	14	49
6	44	20	58
6	45	9	32
6	46	23	77
6	47	14	46
6	48	15	55
6	49	8	29
6	50	28	79
6	51	17	52
6	52	25	82
6	53	15	56
6	54	27	90
6	55	6	29
6	56	21	58
6	57	22	63
6	58	14	46
6	59	31	90
6	60	22	81
6	61	17	61
6	62	12	36
6	63	17	59
6	64	10	30
6	65	27	94
6	66	9	29
6	67	5	20
6	68	23	76
6	69	12	37
6	70	45	135
6	71	39	118
6	72	8	27
6	73	24	81
6	74	14	47
6	75	9	37
6	76	15	41
6	77	18	50
6	78	17	49
6	79	12	39
6	80	25	69
6	81	22	78
6	82	11	41
6	83	14	47
6	84	21	80
6	85	7	25
6	86	8	32
6	87	9	47
6	88	16	45
6	89	17	62
6	90	16	50
6	91	44	128
6	92	22	84
6	93	49	157
6	94	29	106
6	95	17	52
6	96	12	46
6	97	16	53
6	98	13	50
6	99	44	150
6	100	15	55
6	101	18	52
6	102	16	42
6	103	9	33
6	104	15	51
6	105	8	38
6	106	13	36
6	107	13	41
6	108	25	81
6	109	21	72
6	110	13	52
6	111	22	80
6	112	23	77
6	113	12	50
6	114	23	84
6	115	11	39
6	116	18	51
6	117	11	36
6	118	10	31
6	119	30	97
6	120	12	45
6	121	20	77
6	122	24	75
6	123	15	55
6	124	29	87
6	125	28	91
6	126	9	33
6	127	10	32
6	128	35	116
6	129	8	27
6	130	27	106
6	131	10	31
6	132	9	29
6	133	18	60
6	134	7	22
6	135	18	56
6	136	31	99
6	137	20	80
6	138	26	90
6	139	22	75
6	140	20	60
6	141	31	112
6	142	16	53
6	143	23	88
6	144	40	134
6	145	39	103
6	146	28	96
6	147	13	43
6	148	37	110
6	149	8	30
6	150	27	93
6	151	42	140
6	152	35	114
6	153	17	60
6	154	17	59
6	155	8	34
6	156	14	48
6	157	35	113
6	158	37	114
6	159	19	57
6	160	16	51
6	161	16	48
6	162	9	29
6	163	8	27
6	164	29	88
6	165	21	73
7	1	4	8
7	2	13	45
7	3	14	43
7	4	10	33
7	5	12	33
7	6	6	30
7	7	6	23
7	8	9	38
7	9	11	41
7	10	11	37
7	11	16	57
7	12	17	48
7	13	13	38
7	14	5	17
7	15	4	13
7	16	7	30
7	17	15	59
7	18	12	46
7	19	16	54
7	20	25	79
7	21	5	18
7	22	28	101
7	23	12	42
7	24	12	39
7	25	7	25
7	26	19	66
7	27	30	111
7	28	22	66
7	29	16	54
7	30	16	56
7	31	15	48
7	32	26	84
7	33	29	83
7	34	11	40
7	35	18	63
7	36	11	38
7	37	37	117
7	38	40	118
7	39	14	48
7	40	23	77
7	41	10	34
7	42	15	49
7	43	36	113
7	44	28	82
7	45	10	37
7	46	18	69
7	47	13	44
7	48	14	55
7	49	15	54
7	50	20	60
7	51	19	68
7	52	10	39
7	53	38	117
7	54	32	106
7	55	8	29
7	56	15	49
7	57	29	99
7	58	17	60
7	59	20	59
7	60	9	25
7	61	10	29
7	62	11	36
7	63	13	53
7	64	14	52
7	65	15	41
7	66	14	44
7	67	10	29
7	68	7	24
7	69	27	95
7	70	17	54
7	71	25	83
7	72	13	48
7	73	34	102
7	74	25	85
7	75	23	75
7	76	8	26
7	77	15	49
7	78	6	25
7	79	14	51
7	80	13	42
7	81	11	37
7	82	13	43
7	83	7	29
7	84	8	32
7	85	37	120
7	86	24	82
7	87	19	64
7	88	21	73
7	89	42	119
7	90	12	42
7	91	6	25
7	92	13	40
7	93	15	54
7	94	13	45
7	95	18	60
7	96	18	65
7	97	9	33
7	98	9	33
7	99	10	32
7	100	19	67
7	101	23	79
7	102	9	35
7	103	16	55
7	104	8	24
7	105	18	50
7	106	11	29
7	107	6	18
7	108	6	20
7	109	9	27
7	110	7	25
7	111	7	25
7	112	4	13
7	113	11	34
7	114	5	19
7	115	10	27
7	116	11	39
7	117	11	32
7	118	6	19
7	119	4	17
7	120	3	12
7	121	4	13
7	122	3	8
7	123	19	66
7	124	8	38
7	125	5	15
7	126	16	51
7	127	21	84
7	128	16	56
7	129	22	74
7	130	10	39
7	131	22	75
7	132	12	38
7	133	13	57
7	134	22	72
7	135	11	34
7	136	11	44
7	137	29	104
7	138	23	75
7	139	10	27
7	140	9	31
7	141	18	70
7	142	23	84
7	143	41	133
7	144	14	44
7	145	20	72
7	146	36	114
7	147	13	47
7	148	22	70
7	149	18	57
7	150	39	135
7	151	11	36
7	152	15	52
7	153	14	42
7	154	15	51
7	155	41	134
7	156	30	99
7	157	43	170
7	158	31	99
7	159	8	27
7	160	43	159
7	161	20	71
7	162	17	55
7	163	27	92
7	164	19	67
7	165	18	54
7	166	11	28
7	167	19	68
7	168	14	60
7	169	40	133
7	170	10	36
7	171	19	64
7	172	26	86
7	173	15	53
7	174	5	24
7	175	13	49
7	176	30	112
7	177	9	33
7	178	10	34
7	179	30	99
7	180	14	50
7	181	7	27
7	182	8	30
7	183	5	15
7	184	11	32
7	185	22	69
7	186	10	32
7	187	37	115
7	188	28	80
7	189	29	97
7	190	12	38
7	191	7	22
7	192	7	27
7	193	12	46
7	194	14	49
7	195	26	82
7	196	9	26
7	197	10	38
7	198	12	41
7	199	7	27
7	200	10	35
7	201	12	36
7	202	7	24
7	203	23	69
7	204	8	33
7	205	16	53
7	206	11	41
8	1	18	64
8	2	17	65
8	3	6	25
8	4	11	41
8	5	11	39
8	6	11	40
8	7	23	80
8	8	7	28
8	9	11	44
8	10	18	51
8	11	22	83
8	12	23	73
8	13	13	43
8	14	6	22
8	15	11	37
8	16	20	70
8	17	21	70
8	18	6	20
8	19	24	81
8	20	11	39
8	21	8	24
8	22	10	27
8	23	11	41
8	24	20	71
8	25	13	40
8	26	19	76
8	27	11	40
8	28	10	39
8	29	18	61
8	30	16	59
8	31	17	52
8	32	19	55
8	33	12	42
8	34	21	74
8	35	13	45
8	36	21	77
8	37	18	64
8	38	16	46
8	39	16	50
8	40	10	34
8	41	33	112
8	42	35	119
8	43	20	68
8	44	19	69
8	45	12	42
8	46	13	45
8	47	17	53
8	48	36	106
8	49	18	56
8	50	13	50
8	51	9	31
8	52	17	57
8	53	18	55
8	54	17	68
8	55	10	27
8	56	12	37
8	57	10	38
8	58	14	43
8	59	8	26
8	60	33	106
8	61	12	37
8	62	12	43
8	63	20	64
8	64	8	27
8	65	26	86
8	66	26	84
8	67	20	57
8	68	10	31
8	69	11	31
8	70	24	72
8	71	13	41
8	72	45	152
8	73	13	46
8	74	18	59
8	75	22	71
9	1	9	29
9	2	14	47
9	3	32	107
9	4	22	76
9	5	26	96
9	6	18	64
9	7	23	79
9	8	16	63
9	9	13	39
9	10	10	31
9	11	13	47
9	12	18	63
9	13	20	75
9	14	11	52
9	15	11	35
9	16	24	76
9	17	18	63
9	18	23	73
9	19	24	81
9	20	16	60
9	21	10	38
9	22	8	23
9	23	19	71
9	24	33	134
9	25	23	84
9	26	18	64
9	27	12	31
9	28	27	88
9	29	29	87
9	30	23	78
9	31	23	76
9	32	15	47
9	33	14	47
9	34	28	100
9	35	19	68
9	36	36	117
9	37	31	95
9	38	28	84
9	39	16	53
9	40	43	134
9	41	15	56
9	42	23	91
9	43	13	41
9	44	14	59
9	45	14	55
9	46	15	53
9	47	17	61
9	48	16	50
9	49	15	47
9	50	16	56
9	51	14	41
9	52	22	77
9	53	12	40
9	54	22	74
9	55	17	64
9	56	10	39
9	57	11	37
9	58	16	47
9	59	19	58
9	60	22	82
9	61	26	92
9	62	12	43
9	63	16	49
9	64	17	59
9	65	13	55
9	66	16	55
9	67	19	84
9	68	16	59
9	69	32	132
9	70	26	105
9	71	24	102
9	72	24	83
9	73	11	47
9	74	46	140
9	75	12	41
9	76	9	28
9	77	15	50
9	78	11	37
9	79	20	73
9	80	25	86
9	81	27	88
9	82	8	29
9	83	25	84
9	84	18	54
9	85	16	60
9	86	18	58
9	87	11	35
9	88	14	59
9	89	13	42
9	90	17	61
9	91	26	74
9	92	23	71
9	93	19	63
9	94	30	108
9	95	18	72
9	96	14	48
9	97	16	52
9	98	16	57
9	99	27	90
9	100	25	94
9	101	22	80
9	102	17	55
9	103	16	57
9	104	16	49
9	105	16	67
9	106	12	44
9	107	24	90
9	108	23	68
9	109	27	77
9	110	15	46
9	111	37	137
9	112	16	71
9	113	20	63
9	114	22	72
9	115	18	47
9	116	17	43
9	117	27	81
9	118	31	94
9	119	8	23
9	120	52	155
9	121	18	60
9	122	22	81
9	123	16	53
9	124	18	63
9	125	12	40
9	126	16	47
9	127	21	65
9	128	14	51
9	129	15	45
10	1	7	20
10	2	26	79
10	3	29	88
10	4	28	94
10	5	23	77
10	6	14	43
10	7	15	48
10	8	6	20
10	9	15	53
10	10	14	52
10	11	18	67
10	12	27	82
10	13	17	68
10	14	10	37
10	15	39	109
10	16	18	54
10	17	14	43
10	18	29	90
10	19	17	54
10	20	16	55
10	21	22	66
10	22	41	130
10	23	25	89
10	24	43	154
10	25	11	32
10	26	16	56
10	27	27	88
10	28	18	73
10	29	10	36
10	30	16	47
10	31	27	92
10	32	11	36
10	33	10	32
10	34	17	53
10	35	29	79
10	36	17	45
10	37	22	63
10	38	16	49
10	39	19	64
10	40	12	39
10	41	15	49
10	42	11	38
10	43	11	36
10	44	10	30
10	45	20	65
10	46	15	53
10	47	12	41
10	48	7	23
10	49	22	62
10	50	12	43
10	51	11	35
10	52	13	40
10	53	11	37
10	54	21	67
10	55	16	45
10	56	5	18
10	57	14	47
10	58	10	38
10	59	20	57
10	60	19	57
10	61	42	110
10	62	10	29
10	63	4	14
10	64	15	47
10	65	10	33
10	66	25	68
10	67	15	47
10	68	25	66
10	69	9	26
10	70	13	42
10	71	33	109
10	72	16	50
10	73	17	67
10	74	22	73
10	75	14	51
10	76	10	29
10	77	11	35
10	78	16	59
10	79	6	20
10	80	10	26
10	81	17	49
10	82	7	27
10	83	22	75
10	84	12	42
10	85	10	34
10	86	5	21
10	87	16	63
10	88	29	98
10	89	11	37
10	90	27	95
10	91	7	25
10	92	14	49
10	93	24	83
10	94	22	68
10	95	10	30
10	96	8	26
10	97	8	26
10	98	21	70
10	99	15	47
10	100	14	41
10	101	14	41
10	102	15	51
10	103	10	35
10	104	26	77
10	105	9	30
10	106	16	43
10	107	24	70
10	108	22	70
10	109	11	34
11	1	12	34
11	2	9	25
11	3	25	80
11	4	8	22
11	5	19	67
11	6	16	50
11	7	31	101
11	8	22	75
11	9	11	38
11	10	13	46
11	11	10	34
11	12	27	78
11	13	18	58
11	14	16	50
11	15	14	46
11	16	16	45
11	17	39	120
11	18	23	74
11	19	11	39
11	20	24	70
11	21	9	30
11	22	7	22
11	23	14	47
11	24	11	47
11	25	9	28
11	26	11	29
11	27	29	84
11	28	19	69
11	29	22	68
11	30	9	31
11	31	31	95
11	32	13	43
11	33	10	30
11	34	18	58
11	35	12	40
11	36	17	47
11	37	11	41
11	38	19	62
11	39	10	36
11	40	26	76
11	41	11	33
11	42	19	52
11	43	23	65
11	44	17	60
11	45	15	45
11	46	23	64
11	47	19	50
11	48	18	59
11	49	19	62
11	50	17	47
11	51	13	40
11	52	17	65
11	53	15	48
11	54	16	47
11	55	7	20
11	56	18	50
11	57	21	68
11	58	14	46
11	59	12	39
11	60	17	51
11	61	27	84
11	62	21	62
11	63	22	70
11	64	17	55
11	65	11	37
11	66	18	57
11	67	8	29
11	68	12	33
11	69	15	47
11	70	18	56
11	71	9	40
11	72	12	37
11	73	14	48
11	74	11	36
11	75	5	17
11	76	14	46
11	77	13	37
11	78	26	84
11	79	13	34
11	80	11	25
11	81	29	96
11	82	12	44
11	83	8	24
11	84	26	84
11	85	14	53
11	86	11	35
11	87	20	62
11	88	35	110
11	89	22	64
11	90	9	28
11	91	18	59
11	92	15	51
11	93	19	64
11	94	18	64
11	95	10	29
11	96	6	23
11	97	10	38
11	98	9	38
11	99	9	33
11	100	9	30
11	101	24	76
11	102	12	37
11	103	16	48
11	104	5	17
11	105	10	32
11	106	9	24
11	107	15	40
11	108	18	52
11	109	20	63
11	110	18	60
11	111	10	37
11	112	12	38
11	113	17	47
11	114	14	48
11	115	7	22
11	116	26	83
11	117	8	29
11	118	10	33
11	119	15	54
11	120	17	58
11	121	9	29
11	122	3	13
11	123	16	62
12	1	7	20
12	2	6	26
12	3	16	56
12	4	15	51
12	5	15	48
12	6	25	91
12	7	7	23
12	8	15	43
12	9	14	46
12	10	16	53
12	11	11	29
12	12	8	29
12	13	13	44
12	14	9	29
12	15	17	63
12	16	4	14
12	17	18	61
12	18	18	58
12	19	16	59
12	20	9	32
12	21	32	109
12	22	9	36
12	23	23	70
12	24	19	62
12	25	23	70
12	26	19	55
12	27	10	30
12	28	13	38
12	29	10	34
12	30	18	54
12	31	32	116
12	32	19	67
12	33	17	55
12	34	10	34
12	35	11	30
12	36	27	91
12	37	26	90
12	38	26	78
12	39	9	33
12	40	32	97
12	41	19	66
12	42	18	56
12	43	24	84
12	44	8	30
12	45	11	41
12	46	22	77
12	47	14	44
12	48	15	45
12	49	11	30
12	50	22	67
12	51	29	85
12	52	12	38
12	53	15	40
12	54	14	49
12	55	8	24
12	56	17	58
12	57	7	27
12	58	9	34
12	59	17	56
12	60	10	28
12	61	6	21
12	62	14	58
12	63	16	52
12	64	17	53
12	65	25	89
12	66	24	71
12	67	27	89
12	68	30	84
12	69	16	45
12	70	15	53
12	71	5	18
12	72	12	35
12	73	12	34
12	74	6	18
12	75	11	34
12	76	33	100
12	77	24	70
12	78	15	46
12	79	13	37
12	80	37	109
12	81	17	52
12	82	11	35
12	83	18	57
12	84	12	41
12	85	12	36
12	86	13	34
12	87	20	55
12	88	21	76
12	89	10	32
12	90	23	66
12	91	9	27
12	92	11	36
12	93	12	43
12	94	12	37
12	95	6	18
12	96	20	55
12	97	8	24
12	98	9	28
12	99	14	41
12	100	46	134
12	101	21	78
12	102	14	49
12	103	6	21
12	104	10	31
12	105	11	38
12	106	7	24
12	107	14	48
12	108	17	49
12	109	29	95
12	110	19	59
12	111	23	76
13	1	18	51
13	2	26	92
13	3	24	77
13	4	27	92
13	5	25	86
13	6	20	77
13	7	15	47
13	8	15	47
13	9	5	21
13	10	14	45
13	11	35	98
13	12	9	30
13	13	19	67
13	14	27	82
13	15	11	43
13	16	45	144
13	17	42	140
13	18	27	91
13	19	15	49
13	20	7	24
13	21	13	42
13	22	19	74
13	23	15	61
13	24	7	24
13	25	23	72
13	26	16	53
13	27	19	55
13	28	11	41
13	29	8	26
13	30	28	93
13	31	51	144
13	32	13	49
13	33	39	112
13	34	14	39
13	35	19	64
13	36	25	86
13	37	19	60
13	38	21	68
13	39	8	25
13	40	13	48
13	41	16	55
13	42	18	59
13	43	15	50
14	1	18	57
14	2	14	38
14	3	16	56
14	4	19	60
14	5	21	66
14	6	26	94
14	7	11	44
14	8	13	37
14	9	37	127
14	10	33	111
14	11	29	91
14	12	17	60
14	13	16	63
14	14	10	37
14	15	5	17
14	16	7	20
14	17	16	52
14	18	22	66
14	19	14	47
14	20	5	13
14	21	34	100
14	22	44	147
14	23	17	61
14	24	15	49
14	25	12	44
14	26	13	42
14	27	18	56
14	28	12	37
14	29	4	18
14	30	12	39
14	31	21	62
14	32	25	85
14	33	9	34
14	34	15	46
14	35	13	42
14	36	15	47
14	37	26	89
14	38	18	44
14	39	13	41
14	40	9	30
14	41	8	30
14	42	13	46
14	43	9	39
14	44	26	85
14	45	14	54
14	46	12	43
14	47	11	33
14	48	10	38
14	49	6	25
14	50	6	22
14	51	10	27
14	52	13	46
15	1	8	24
15	2	7	21
15	3	7	33
15	4	8	25
15	5	7	22
15	6	8	27
15	7	8	25
15	8	9	28
15	9	7	22
15	10	7	24
15	11	8	23
15	12	5	19
15	13	7	22
15	14	9	29
15	15	8	28
15	16	7	25
15	17	5	17
15	18	7	23
15	19	11	39
15	20	8	27
15	21	11	34
15	22	12	48
15	23	6	22
15	24	7	35
15	25	7	23
15	26	8	28
15	27	7	20
15	28	12	38
15	29	9	27
15	30	4	19
15	31	7	19
15	32	8	21
15	33	11	35
15	34	5	16
15	35	6	18
15	36	6	20
15	37	4	14
15	38	4	14
15	39	10	40
15	40	4	16
15	41	5	14
15	42	11	33
15	43	4	19
15	44	8	26
15	45	5	15
15	46	3	13
15	47	10	30
15	48	8	23
15	49	6	17
15	50	5	16
15	51	4	16
15	52	9	27
15	53	7	21
15	54	8	27
15	55	7	22
15	56	8	22
15	57	5	18
15	58	6	19
15	59	6	19
15	60	6	22
15	61	5	15
15	62	4	14
15	63	7	19
15	64	4	18
15	65	14	53
15	66	9	34
15	67	4	18
15	68	6	18
15	69	4	11
15	70	5	17
15	71	6	19
15	72	5	22
15	73	3	16
15	74	8	33
15	75	5	18
15	76	3	12
15	77	5	17
15	78	5	19
15	79	5	23
15	80	5	21
15	81	5	22
15	82	6	21
15	83	3	16
15	84	6	16
15	85	14	50
15	86	5	15
15	87	7	28
15	88	15	53
15	89	5	14
15	90	4	16
15	91	4	15
15	92	3	17
15	93	3	9
15	94	6	23
15	95	3	15
15	96	8	28
15	97	7	24
15	98	6	19
15	99	5	18
16	1	9	32
16	2	18	53
16	3	7	26
16	4	8	24
16	5	8	32
16	6	7	23
16	7	14	48
16	8	9	37
16	9	10	33
16	10	13	36
16	11	16	56
16	12	15	56
16	13	13	42
16	14	21	82
16	15	11	39
16	16	4	17
16	17	7	23
16	18	10	28
16	19	6	19
16	20	10	30
16	21	7	26
16	22	11	45
16	23	13	39
16	24	9	28
16	25	15	55
16	26	21	70
16	27	21	70
16	28	19	64
16	29	8	33
16	30	20	68
16	31	15	50
16	32	12	50
16	33	22	77
16	34	10	30
16	35	32	89
16	36	28	86
16	37	14	35
16	38	18	56
16	39	11	40
16	40	10	29
16	41	18	58
16	42	5	20
16	43	15	46
16	44	12	52
16	45	16	52
16	46	7	25
16	47	8	28
16	48	17	52
16	49	14	44
16	50	7	26
16	51	12	38
16	52	11	33
16	53	12	33
16	54	10	32
16	55	6	27
16	56	12	44
16	57	7	27
16	58	9	32
16	59	19	50
16	60	12	45
16	61	23	76
16	62	17	59
16	63	17	61
16	64	14	50
16	65	16	50
16	66	17	53
16	67	15	53
16	68	13	40
16	69	24	76
16	70	20	60
16	71	22	71
16	72	21	80
16	73	15	45
16	74	10	33
16	75	27	83
16	76	29	92
16	77	19	55
16	78	15	59
16	79	18	52
16	80	25	93
16	81	25	91
16	82	6	23
16	83	7	31
16	84	14	43
16	85	11	34
16	86	19	68
16	87	10	31
16	88	13	41
16	89	24	85
16	90	16	64
16	91	20	67
16	92	32	107
16	93	17	58
16	94	19	63
16	95	15	45
16	96	15	50
16	97	18	67
16	98	8	29
16	99	10	33
16	100	9	33
16	101	17	55
16	102	13	45
16	103	16	57
16	104	12	34
16	105	11	37
16	106	24	79
16	107	13	44
16	108	11	44
16	109	7	21
16	110	18	50
16	111	15	43
16	112	24	83
16	113	9	37
16	114	13	42
16	115	22	67
16	116	22	69
16	117	5	16
16	118	15	51
16	119	19	56
16	120	11	34
16	121	7	27
16	122	9	31
16	123	12	39
16	124	17	56
16	125	22	79
16	126	12	44
16	127	14	41
16	128	8	21
17	1	21	72
17	2	12	40
17	3	9	25
17	4	13	47
17	5	17	53
17	6	11	49
17	7	23	90
17	8	11	41
17	9	16	54
17	10	9	32
17	11	8	32
17	12	23	88
17	13	13	48
17	14	7	26
17	15	21	67
17	16	14	52
17	17	13	42
17	18	18	53
17	19	12	42
17	20	12	36
17	21	11	45
17	22	9	28
17	23	25	83
17	24	12	36
17	25	12	40
17	26	10	33
17	27	9	32
17	28	12	40
17	29	13	45
17	30	12	39
17	31	13	48
17	32	8	23
17	33	22	67
17	34	17	52
17	35	11	44
17	36	16	45
17	37	13	39
17	38	7	21
17	39	18	54
17	40	11	46
17	41	10	33
17	42	13	35
17	43	6	21
17	44	21	67
17	45	12	46
17	46	19	67
17	47	19	62
17	48	9	31
17	49	9	30
17	50	5	13
17	51	25	81
17	52	9	36
17	53	16	51
17	54	14	51
17	55	15	52
17	56	13	38
17	57	18	68
17	58	18	56
17	59	21	69
17	60	25	84
17	61	13	46
17	62	15	53
17	63	10	35
17	64	19	81
17	65	9	29
17	66	14	43
17	67	18	56
17	68	15	48
17	69	22	71
17	70	17	64
17	71	15	56
17	72	11	31
17	73	13	49
17	74	9	30
17	75	12	38
17	76	13	46
17	77	11	35
17	78	14	46
17	79	12	38
17	80	14	45
17	81	9	27
17	82	13	44
17	83	12	38
17	84	11	35
17	85	14	37
17	86	13	42
17	87	9	25
17	88	19	62
17	89	14	40
17	90	10	28
17	91	11	36
17	92	12	40
17	93	26	75
17	94	15	40
17	95	14	45
17	96	11	35
17	97	27	97
17	98	14	50
17	99	23	69
17	100	14	51
17	101	18	60
17	102	15	53
17	103	9	33
17	104	14	47
17	105	9	37
17	106	9	35
17	107	18	54
17	108	8	27
17	109	5	24
17	110	22	64
17	111	21	58
18	1	11	35
18	2	15	53
18	3	3	9
18	4	6	18
18	5	16	50
18	6	11	36
18	7	11	36
18	8	6	19
18	9	10	31
18	10	16	48
18	11	7	23
18	12	9	31
18	13	11	43
18	14	19	57
18	15	18	60
18	16	19	64
18	17	34	103
18	18	22	91
18	19	38	146
18	20	13	46
18	21	32	113
18	22	33	122
18	23	7	19
18	24	17	46
18	25	8	26
18	26	23	64
18	27	15	45
18	28	30	103
18	29	28	99
18	30	12	34
18	31	28	100
18	32	14	59
18	33	11	40
18	34	13	42
18	35	12	36
18	36	12	38
18	37	16	48
18	38	8	21
18	39	19	50
18	40	15	50
18	41	8	25
18	42	19	64
18	43	11	31
18	44	9	30
18	45	23	75
18	46	13	48
18	47	11	44
18	48	16	52
18	49	27	89
18	50	26	92
18	51	13	47
18	52	13	51
18	53	10	35
18	54	14	43
18	55	19	66
18	56	18	67
18	57	30	97
18	58	19	58
18	59	8	34
18	60	13	40
18	61	11	38
18	62	12	36
18	63	20	64
18	64	9	25
18	65	12	41
18	66	11	31
18	67	6	17
18	68	8	21
18	69	10	26
18	70	12	34
18	71	15	49
18	72	8	23
18	73	10	28
18	74	16	52
18	75	9	24
18	76	13	37
18	77	24	82
18	78	12	40
18	79	17	58
18	80	10	40
18	81	9	34
18	82	35	120
18	83	9	31
18	84	10	27
18	85	2	8
18	86	24	75
18	87	13	40
18	88	13	41
18	89	3	9
18	90	15	42
18	91	6	20
18	92	3	9
18	93	13	39
18	94	19	63
18	95	12	40
18	96	19	55
18	97	8	23
18	98	15	38
18	99	11	39
18	100	5	23
18	101	11	35
18	102	14	49
18	103	5	21
18	104	11	39
18	105	14	52
18	106	9	31
18	107	10	34
18	108	6	17
18	109	18	56
18	110	24	76
19	1	5	9
19	2	5	18
19	3	5	13
19	4	14	42
19	5	13	38
19	6	8	26
19	7	12	37
19	8	14	40
19	9	14	38
19	10	13	33
19	11	11	39
19	12	7	27
19	13	6	18
19	14	6	21
19	15	9	31
19	16	10	33
19	17	11	40
19	18	8	24
19	19	9	25
19	20	11	31
19	21	15	48
19	22	5	20
19	23	13	44
19	24	10	31
19	25	8	29
19	26	18	61
19	27	10	33
19	28	11	30
19	29	10	30
19	30	8	24
19	31	11	35
19	32	6	22
19	33	9	29
19	34	9	26
19	35	16	44
19	36	8	27
19	37	11	39
19	38	11	38
19	39	12	40
19	40	8	29
19	41	8	25
19	42	15	40
19	43	13	39
19	44	9	29
19	45	11	36
19	46	12	44
19	47	10	29
19	48	14	42
19	49	14	47
19	50	9	30
19	51	10	29
19	52	7	27
19	53	7	22
19	54	11	35
19	55	9	32
19	56	8	24
19	57	3	12
19	58	29	102
19	59	11	39
19	60	12	40
19	61	11	37
19	62	11	35
19	63	9	25
19	64	18	50
19	65	12	45
19	66	8	25
19	67	10	31
19	68	8	38
19	69	10	31
19	70	8	24
19	71	9	26
19	72	8	23
19	73	16	55
19	74	9	30
19	75	25	73
19	76	13	44
19	77	8	29
19	78	7	23
19	79	9	25
19	80	5	17
19	81	8	23
19	82	6	27
19	83	9	30
19	84	7	22
19	85	6	21
19	86	5	19
19	87	9	27
19	88	4	13
19	89	4	11
19	90	9	35
19	91	4	13
19	92	6	20
19	93	10	27
19	94	4	15
19	95	5	19
19	96	9	30
19	97	10	38
19	98	14	42
20	1	2	2
20	2	5	19
20	3	4	13
20	4	6	22
20	5	4	14
20	6	12	29
20	7	7	26
20	8	8	22
20	9	4	11
20	10	18	49
20	11	4	11
20	12	9	30
20	13	5	17
20	14	11	31
20	15	10	30
20	16	10	29
20	17	4	13
20	18	13	35
20	19	3	9
20	20	5	15
20	21	7	22
20	22	11	34
20	23	4	15
20	24	5	16
20	25	5	11
20	26	3	8
20	27	4	12
20	28	2	7
20	29	5	12
20	30	2	5
20	31	3	9
20	32	3	10
20	33	3	9
20	34	2	9
20	35	4	11
20	36	5	14
20	37	5	17
20	38	6	15
20	39	22	74
20	40	34	110
20	41	2	11
20	42	8	23
20	43	5	16
20	44	8	25
20	45	10	28
20	46	7	20
20	47	21	66
20	48	10	27
20	49	4	11
20	50	9	22
20	51	5	13
20	52	11	26
20	53	19	58
20	54	9	27
20	55	8	33
20	56	6	23
20	57	7	27
20	58	14	52
20	59	8	25
20	60	6	21
20	61	15	44
20	62	5	22
20	63	13	52
20	64	10	33
20	65	11	27
20	66	12	42
20	67	5	15
20	68	6	17
20	69	16	44
20	70	8	25
20	71	26	99
20	72	19	53
20	73	14	47
20	74	13	35
20	75	10	35
20	76	12	38
20	77	18	52
20	78	8	33
20	79	5	17
20	80	14	57
20	81	17	54
20	82	9	28
20	83	5	16
20	84	9	27
20	85	9	29
20	86	26	90
20	87	15	56
20	88	12	38
20	89	12	37
20	90	16	54
20	91	9	27
20	92	7	21
20	93	4	16
20	94	18	57
20	95	4	12
20	96	16	52
20	97	28	86
20	98	12	30
20	99	13	38
20	100	8	28
20	101	7	23
20	102	8	29
20	103	6	22
20	104	12	39
20	105	7	25
20	106	3	11
20	107	6	13
20	108	13	44
20	109	12	35
20	110	10	31
20	111	9	28
20	112	11	33
20	113	14	53
20	114	17	53
20	115	11	32
20	116	9	32
20	117	12	41
20	118	7	16
20	119	6	16
20	120	13	42
20	121	15	55
20	122	6	19
20	123	18	54
20	124	12	41
20	125	8	23
20	126	8	31
20	127	12	44
20	128	17	53
20	129	9	29
20	130	20	67
20	131	18	62
20	132	12	47
20	133	13	38
20	134	19	65
20	135	11	38
21	1	7	26
21	2	11	33
21	3	15	55
21	4	10	31
21	5	14	45
21	6	8	30
21	7	14	44
21	8	9	28
21	9	8	37
21	10	8	31
21	11	10	37
21	12	7	21
21	13	10	36
21	14	5	15
21	15	8	27
21	16	7	25
21	17	11	32
21	18	13	44
21	19	13	46
21	20	5	18
21	21	7	22
21	22	13	39
21	23	6	17
21	24	22	65
21	25	15	41
21	26	8	28
21	27	6	25
21	28	15	49
21	29	13	43
21	30	18	59
21	31	13	44
21	32	8	29
21	33	11	35
21	34	10	33
21	35	10	41
21	36	17	57
21	37	8	30
21	38	7	23
21	39	16	46
21	40	10	38
21	41	13	44
21	42	13	41
21	43	14	45
21	44	18	66
21	45	11	34
21	46	11	38
21	47	20	66
21	48	8	33
21	49	8	30
21	50	7	29
21	51	9	31
21	52	11	33
21	53	5	16
21	54	8	26
21	55	7	22
21	56	13	39
21	57	7	28
21	58	8	31
21	59	8	24
21	60	7	24
21	61	8	25
21	62	6	23
21	63	9	29
21	64	7	27
21	65	9	29
21	66	11	32
21	67	9	27
21	68	7	26
21	69	7	22
21	70	5	22
21	71	8	29
21	72	8	31
21	73	15	62
21	74	16	57
21	75	6	22
21	76	12	41
21	77	12	47
21	78	14	50
21	79	14	55
21	80	10	40
21	81	14	47
21	82	12	39
21	83	10	30
21	84	16	59
21	85	7	25
21	86	6	23
21	87	23	59
21	88	8	32
21	89	11	34
21	90	19	69
21	91	11	42
21	92	8	29
21	93	6	25
21	94	12	40
21	95	7	26
21	96	10	31
21	97	19	56
21	98	11	34
21	99	9	26
21	100	7	19
21	101	9	29
21	102	9	29
21	103	11	46
21	104	16	50
21	105	12	37
21	106	6	17
21	107	5	20
21	108	11	34
21	109	13	41
21	110	8	28
21	111	8	25
21	112	10	32
22	1	9	27
22	2	22	69
22	3	12	35
22	4	11	37
22	5	69	221
22	6	13	36
22	7	12	32
22	8	13	33
22	9	15	45
22	10	9	29
22	11	25	82
22	12	14	35
22	13	10	35
22	14	17	51
22	15	22	70
22	16	9	31
22	17	22	69
22	18	37	107
22	19	17	53
22	20	6	18
22	21	4	12
22	22	12	34
22	23	22	73
22	24	9	26
22	25	25	82
22	26	16	54
22	27	14	39
22	28	20	67
22	29	8	35
22	30	24	79
22	31	21	64
22	32	9	29
22	33	11	33
22	34	20	71
22	35	15	55
22	36	27	97
22	37	20	67
22	38	13	32
22	39	10	36
22	40	35	115
22	41	17	61
22	42	9	32
22	43	4	15
22	44	11	44
22	45	14	50
22	46	23	71
22	47	14	52
22	48	11	37
22	49	8	22
22	50	8	29
22	51	8	29
22	52	27	78
22	53	16	55
22	54	21	68
22	55	16	51
22	56	12	44
22	57	8	29
22	58	18	53
22	59	7	29
22	60	16	47
22	61	15	40
22	62	17	46
22	63	15	44
22	64	12	30
22	65	27	78
22	66	10	35
22	67	17	54
22	68	7	23
22	69	9	34
22	70	18	46
22	71	18	49
22	72	29	104
22	73	28	89
22	74	9	22
22	75	11	33
22	76	10	33
22	77	11	43
22	78	44	141
23	1	3	12
23	2	5	16
23	3	5	16
23	4	4	14
23	5	4	16
23	6	10	35
23	7	7	23
23	8	5	22
23	9	5	19
23	10	3	11
23	11	6	22
23	12	7	23
23	13	6	18
23	14	21	83
23	15	5	17
23	16	5	19
23	17	10	34
23	18	13	43
23	19	13	45
23	20	9	35
23	21	15	51
23	22	4	17
23	23	16	48
23	24	26	82
23	25	10	25
23	26	5	14
23	27	32	110
23	28	15	47
23	29	8	30
23	30	7	21
23	31	6	21
23	32	14	42
23	33	25	87
23	34	7	28
23	35	9	35
23	36	4	14
23	37	10	30
23	38	12	32
23	39	5	14
23	40	5	17
23	41	8	38
23	42	6	21
23	43	7	22
23	44	19	69
23	45	8	28
23	46	7	27
23	47	7	30
23	48	4	17
23	49	6	24
23	50	11	40
23	51	11	34
23	52	8	29
23	53	9	34
23	54	5	16
23	55	7	23
23	56	7	20
23	57	7	20
23	58	5	18
23	59	5	17
23	60	10	35
23	61	7	24
23	62	12	40
23	63	14	39
23	64	8	27
23	65	7	19
23	66	9	34
23	67	4	17
23	68	10	33
23	69	7	23
23	70	10	36
23	71	16	63
23	72	9	30
23	73	5	20
23	74	8	28
23	75	11	36
23	76	8	34
23	77	12	33
23	78	10	36
23	79	7	25
23	80	10	33
23	81	6	15
23	82	8	27
23	83	12	37
23	84	8	24
23	85	5	18
23	86	8	23
23	87	5	17
23	88	14	42
23	89	5	18
23	90	5	22
23	91	24	65
23	92	6	23
23	93	6	14
23	94	6	18
23	95	7	21
23	96	9	29
23	97	7	19
23	98	5	15
23	99	8	23
23	100	16	53
23	101	10	33
23	102	6	25
23	103	10	37
23	104	6	20
23	105	8	29
23	106	8	27
23	107	7	24
23	108	5	13
23	109	14	45
23	110	8	36
23	111	8	28
23	112	7	20
23	113	8	24
23	114	9	28
23	115	8	34
23	116	11	31
23	117	18	52
23	118	7	22
24	1	9	40
24	2	26	94
24	3	18	57
24	4	19	73
24	5	11	31
24	6	17	65
24	7	9	29
24	8	11	40
24	9	9	27
24	10	9	31
24	11	28	83
24	12	12	47
24	13	14	49
24	14	15	50
24	15	16	60
24	16	14	44
24	17	9	30
24	18	7	23
24	19	20	63
24	20	9	31
24	21	34	115
24	22	26	87
24	23	13	49
24	24	9	41
24	25	11	38
24	26	16	73
24	27	18	65
24	28	22	64
24	29	17	55
24	30	15	52
24	31	78	283
24	32	17	62
24	33	48	167
24	34	13	53
24	35	48	155
24	36	14	43
24	37	19	63
24	38	14	47
24	39	22	74
24	40	33	90
24	41	21	64
24	42	7	25
24	43	38	116
24	44	10	32
24	45	31	83
24	46	11	37
24	47	15	54
24	48	11	37
24	49	7	23
24	50	16	49
24	51	18	64
24	52	10	36
24	53	17	60
24	54	23	72
24	55	38	137
24	56	8	30
24	57	11	39
24	58	49	175
24	59	19	68
24	60	23	82
24	61	76	258
24	62	39	136
24	63	27	96
24	64	22	69
25	1	9	33
25	2	19	59
25	3	22	70
25	4	16	49
25	5	9	34
25	6	12	36
25	7	16	51
25	8	17	52
25	9	9	31
25	10	17	49
25	11	8	28
25	12	9	26
25	13	9	30
25	14	8	23
25	15	13	41
25	16	10	27
25	17	16	54
25	18	21	63
25	19	15	50
25	20	20	78
25	21	19	64
25	22	10	41
25	23	9	29
25	24	7	29
25	25	7	30
25	26	9	34
25	27	11	36
25	28	6	21
25	29	11	36
25	30	9	28
25	31	11	39
25	32	15	57
25	33	8	30
25	34	11	38
25	35	9	31
25	36	9	34
25	37	13	51
25	38	8	27
25	39	7	25
25	40	16	51
25	41	11	33
25	42	17	56
25	43	9	32
25	44	15	48
25	45	16	46
25	46	5	17
25	47	11	34
25	48	13	41
25	49	10	35
25	50	9	33
25	51	7	21
25	52	7	24
25	53	15	52
25	54	12	37
25	55	14	42
25	56	5	18
25	57	14	37
25	58	13	40
25	59	17	52
25	60	13	44
25	61	11	32
25	62	13	39
25	63	12	42
25	64	5	20
25	65	11	34
25	66	4	15
25	67	11	35
25	68	22	64
25	69	8	28
25	70	16	51
25	71	9	26
25	72	9	26
25	73	10	32
25	74	13	49
25	75	9	35
25	76	5	19
25	77	12	38
26	1	3	4
26	2	4	14
26	3	6	21
26	4	11	36
26	5	11	33
26	6	8	29
26	7	11	32
26	8	8	24
26	9	5	16
26	10	8	22
26	11	4	14
26	12	6	16
26	13	8	27
26	14	6	20
26	15	7	23
26	16	7	24
26	17	5	16
26	18	10	30
26	19	7	27
26	20	6	17
26	21	11	39
26	22	8	26
26	23	5	16
26	24	9	29
26	25	5	17
26	26	5	19
26	27	7	25
26	28	9	33
26	29	8	30
26	30	5	16
26	31	7	18
26	32	6	18
26	33	6	20
26	34	7	22
26	35	8	30
26	36	7	24
26	37	4	13
26	38	5	19
26	39	5	17
26	40	7	23
26	41	12	38
26	42	6	21
26	43	7	17
26	44	9	39
26	45	8	23
26	46	3	12
26	47	4	13
26	48	3	8
26	49	21	86
26	50	7	19
26	51	11	34
26	52	8	27
26	53	5	20
26	54	4	16
26	55	3	12
26	56	3	11
26	57	4	16
26	58	3	11
26	59	4	18
26	60	2	11
26	61	8	27
26	62	6	15
26	63	13	43
26	64	3	13
26	65	5	18
26	66	3	12
26	67	8	24
26	68	5	16
26	69	4	16
26	70	6	19
26	71	6	20
26	72	5	17
26	73	4	15
26	74	6	21
26	75	5	18
26	76	3	16
26	77	6	18
26	78	4	14
26	79	4	15
26	80	4	14
26	81	4	13
26	82	8	23
26	83	6	19
26	84	6	16
26	85	5	17
26	86	6	17
26	87	4	14
26	88	6	15
26	89	6	15
26	90	3	16
26	91	3	14
26	92	6	19
26	93	7	23
26	94	4	14
26	95	3	13
26	96	4	13
26	97	6	15
26	98	4	15
26	99	4	14
26	100	4	10
26	101	3	8
26	102	7	22
26	103	8	24
26	104	5	16
26	105	4	15
26	106	7	19
26	107	4	11
26	108	3	10
26	109	11	32
26	110	3	10
26	111	5	20
26	112	6	16
26	113	7	20
26	114	4	14
26	115	5	12
26	116	8	26
26	117	5	13
26	118	9	32
26	119	6	22
26	120	4	14
26	121	8	24
26	122	5	16
26	123	3	12
26	124	7	19
26	125	4	11
26	126	3	10
26	127	11	32
26	128	5	18
26	129	4	20
26	130	4	17
26	131	3	10
26	132	5	17
26	133	3	14
26	134	2	8
26	135	6	19
26	136	9	27
26	137	5	14
26	138	3	11
26	139	10	37
26	140	5	16
26	141	3	13
26	142	7	20
26	143	4	11
26	144	3	10
26	145	11	32
26	146	5	15
26	147	3	8
26	148	4	15
26	149	5	19
26	150	3	10
26	151	4	14
26	152	6	21
26	153	5	16
26	154	11	30
26	155	9	27
26	156	7	25
26	157	3	14
26	158	10	34
26	159	5	16
26	160	4	15
26	161	7	19
26	162	4	11
26	163	3	10
26	164	11	32
26	165	4	16
26	166	11	35
26	167	8	26
26	168	5	15
26	169	5	16
26	170	3	16
26	171	4	11
26	172	3	11
26	173	6	25
26	174	8	24
26	175	5	16
26	176	4	17
26	177	6	17
26	178	4	11
26	179	3	10
26	180	11	32
26	181	6	20
26	182	3	15
26	183	9	30
26	184	5	21
26	185	5	16
26	186	9	28
26	187	9	28
26	188	5	15
26	189	10	34
26	190	8	24
26	191	5	16
26	192	4	16
26	193	4	11
26	194	5	18
26	195	3	10
26	196	4	14
26	197	9	30
26	198	5	19
26	199	6	19
26	200	5	19
26	201	7	21
26	202	5	20
26	203	4	14
26	204	2	14
26	205	4	16
26	206	5	12
26	207	6	15
26	208	7	22
26	209	4	11
26	210	4	13
26	211	5	17
26	212	4	15
26	213	9	27
26	214	3	16
26	215	6	23
26	216	7	22
26	217	4	14
26	218	4	11
26	219	3	11
26	220	4	12
26	221	6	20
26	222	5	14
26	223	4	18
26	224	3	15
26	225	7	18
26	226	5	16
26	227	19	63
27	1	7	21
27	2	3	13
27	3	9	34
27	4	10	37
27	5	10	33
27	6	7	23
27	7	16	52
27	8	14	39
27	9	6	18
27	10	19	57
27	11	11	29
27	12	19	60
27	13	8	27
27	14	11	46
27	15	15	53
27	16	18	57
27	17	9	35
27	18	19	64
27	19	24	85
27	20	12	32
27	21	9	38
27	22	14	43
27	23	11	35
27	24	17	60
27	25	14	46
27	26	8	21
27	27	7	24
27	28	11	39
27	29	8	24
27	30	8	26
27	31	5	16
27	32	12	37
27	33	12	39
27	34	13	49
27	35	8	35
27	36	16	55
27	37	13	53
27	38	10	37
27	39	16	44
27	40	38	119
27	41	12	36
27	42	14	47
27	43	12	32
27	44	28	91
27	45	13	43
27	46	12	50
27	47	13	40
27	48	10	33
27	49	14	54
27	50	7	24
27	51	9	37
27	52	11	37
27	53	5	19
27	54	8	32
27	55	11	38
27	56	15	46
27	57	7	31
27	58	6	25
27	59	12	38
27	60	27	83
27	61	21	72
27	62	16	55
27	63	20	64
27	64	19	63
27	65	14	41
27	66	14	35
27	67	9	31
27	68	12	37
27	69	9	28
27	70	9	27
27	71	7	23
27	72	9	27
27	73	10	31
27	74	8	27
27	75	10	26
27	76	12	37
27	77	4	19
27	78	8	29
27	79	7	21
27	80	11	33
27	81	14	44
27	82	16	53
27	83	11	36
27	84	13	40
27	85	8	27
27	86	15	49
27	87	18	49
27	88	18	54
27	89	11	35
27	90	13	41
27	91	17	54
27	92	15	52
27	93	11	42
28	1	3	4
28	2	4	14
28	3	9	32
28	4	19	72
28	5	12	46
28	6	12	42
28	7	22	71
28	8	13	49
28	9	18	57
28	10	17	52
28	11	10	33
28	12	16	56
28	13	17	56
28	14	10	40
28	15	38	120
28	16	13	36
28	17	9	29
28	18	16	57
28	19	32	93
28	20	18	58
28	21	10	32
28	22	11	34
28	23	27	84
28	24	15	39
28	25	26	84
28	26	10	36
28	27	29	88
28	28	15	46
28	29	27	82
28	30	19	57
28	31	19	60
28	32	25	82
28	33	9	28
28	34	14	45
28	35	15	58
28	36	17	49
28	37	18	52
28	38	27	81
28	39	12	42
28	40	10	39
28	41	9	34
28	42	10	37
28	43	16	58
28	44	13	38
28	45	18	65
28	46	20	61
28	47	18	68
28	48	26	72
28	49	13	40
28	50	23	70
28	51	6	26
28	52	8	29
28	53	15	43
28	54	12	53
28	55	15	54
28	56	13	42
28	57	25	79
28	58	17	61
28	59	20	61
28	60	15	47
28	61	17	58
28	62	8	32
28	63	18	64
28	64	13	49
28	65	6	26
28	66	7	30
28	67	11	34
28	68	14	45
28	69	7	24
28	70	15	46
28	71	19	64
28	72	21	71
28	73	13	50
28	74	8	32
28	75	17	53
28	76	29	86
28	77	26	77
28	78	28	86
28	79	20	56
28	80	16	50
28	81	17	52
28	82	26	90
28	83	14	49
28	84	18	53
28	85	19	52
28	86	15	46
28	87	16	50
28	88	19	52
29	1	3	6
29	2	10	29
29	3	11	44
29	4	10	31
29	5	12	33
29	6	10	33
29	7	12	52
29	8	21	76
29	9	7	28
29	10	31	88
29	11	6	28
29	12	18	62
29	13	11	49
29	14	16	54
29	15	6	31
29	16	13	45
29	17	27	87
29	18	13	40
29	19	13	38
29	20	19	53
29	21	8	29
29	22	17	42
29	23	13	43
29	24	20	57
29	25	27	90
29	26	12	33
29	27	18	67
29	28	14	46
29	29	23	74
29	30	6	20
29	31	15	51
29	32	16	51
29	33	23	69
29	34	12	37
29	35	7	26
29	36	16	54
29	37	7	30
29	38	16	59
29	39	13	48
29	40	28	102
29	41	19	67
29	42	12	33
29	43	8	31
29	44	10	35
29	45	21	68
29	46	25	87
29	47	19	71
29	48	13	42
29	49	14	40
29	50	16	47
29	51	15	56
29	52	19	64
29	53	12	55
29	54	6	31
29	55	13	47
29	56	8	27
29	57	7	24
29	58	17	62
29	59	5	20
29	60	12	40
29	61	13	50
29	62	14	41
29	63	22	69
29	64	15	47
29	65	16	46
29	66	6	29
29	67	15	59
29	68	17	52
29	69	9	35
30	1	3	6
30	2	2	6
30	3	8	26
30	4	12	41
30	5	8	25
30	6	11	32
30	7	10	33
30	8	22	73
30	9	32	118
30	10	13	38
30	11	8	28
30	12	5	20
30	13	9	33
30	14	5	21
30	15	9	30
30	16	11	41
30	17	6	21
30	18	8	29
30	19	14	49
30	20	11	35
30	21	20	72
30	22	13	54
30	23	14	51
30	24	21	69
30	25	16	54
30	26	8	23
30	27	18	62
30	28	27	93
30	29	16	46
30	30	22	67
30	31	9	32
30	32	11	34
30	33	18	57
30	34	6	27
30	35	10	35
30	36	15	50
30	37	15	48
30	38	16	54
30	39	22	64
30	40	22	71
30	41	15	51
30	42	14	42
30	43	16	48
30	44	9	36
30	45	11	36
30	46	17	70
30	47	18	69
30	48	28	91
30	49	10	32
30	50	19	55
30	51	9	34
30	52	11	34
30	53	14	44
30	54	24	70
30	55	12	41
30	56	20	66
30	57	9	35
30	58	19	62
30	59	8	24
30	60	10	30
31	1	3	6
31	2	4	14
31	3	3	14
31	4	9	34
31	5	8	26
31	6	18	58
31	7	16	55
31	8	8	25
31	9	8	24
31	10	27	82
31	11	14	37
31	12	18	61
31	13	14	43
31	14	17	61
31	15	29	90
31	16	24	63
31	17	17	54
31	18	16	42
31	19	11	38
31	20	30	84
31	21	21	62
31	22	15	53
31	23	15	52
31	24	7	25
31	25	15	53
31	26	10	27
31	27	21	65
31	28	11	33
31	29	25	70
31	30	16	44
31	31	19	56
31	32	22	69
31	33	30	89
31	34	27	77
32	1	3	6
32	2	8	22
32	3	18	53
32	4	24	68
32	5	17	52
32	6	6	22
32	7	10	31
32	8	8	21
32	9	14	46
32	10	14	42
32	11	11	35
32	12	16	59
32	13	16	55
32	14	14	47
32	15	15	49
32	16	11	45
32	17	13	36
32	18	8	24
32	19	12	39
32	20	21	63
32	21	9	38
32	22	13	44
32	23	14	45
32	24	10	38
32	25	11	36
32	26	18	58
32	27	17	63
32	28	7	23
32	29	11	34
32	30	5	23
33	1	13	39
33	2	12	31
33	3	6	18
33	4	28	101
33	5	28	98
33	6	29	108
33	7	17	58
33	8	8	31
33	9	21	72
33	10	16	59
33	11	6	25
33	12	13	41
33	13	25	80
33	14	14	46
33	15	13	37
33	16	15	45
33	17	24	60
33	18	14	53
33	19	35	128
33	20	23	73
33	21	17	50
33	22	18	59
33	23	18	56
33	24	16	53
33	25	16	51
33	26	16	58
33	27	13	48
33	28	15	60
33	29	14	51
33	30	16	53
33	31	14	54
33	32	19	64
33	33	25	95
33	34	14	40
33	35	30	150
33	36	24	74
33	37	48	153
33	38	22	53
33	39	13	45
33	40	17	47
33	41	7	21
33	42	3	13
33	43	13	48
33	44	8	31
33	45	7	26
33	46	6	20
33	47	8	25
33	48	12	42
33	49	22	83
33	50	61	206
33	51	35	114
33	52	25	69
33	53	69	221
33	54	11	28
33	55	30	96
33	56	13	43
33	57	14	46
33	58	12	48
33	59	21	76
33	60	19	65
33	61	6	23
33	62	12	33
33	63	15	43
33	64	7	22
33	65	8	22
33	66	11	38
33	67	8	30
33	68	8	30
33	69	16	45
33	70	8	23
33	71	14	50
33	72	18	70
33	73	15	66
34	1	17	49
34	2	18	51
34	3	32	92
34	4	10	36
34	5	11	34
34	6	16	48
34	7	16	52
34	8	16	48
34	9	29	87
34	10	12	40
34	11	12	36
34	12	27	92
34	13	19	61
34	14	27	85
34	15	20	62
34	16	16	66
34	17	8	26
34	18	17	56
34	19	19	70
34	20	10	37
34	21	21	59
34	22	26	67
34	23	22	63
34	24	17	47
34	25	9	25
34	26	11	38
34	27	12	36
34	28	12	39
34	29	7	23
34	30	10	31
34	31	32	110
34	32	15	53
34	33	34	114
34	34	14	41
34	35	8	30
34	36	13	40
34	37	23	78
34	38	9	33
34	39	20	61
34	40	10	41
34	41	13	45
34	42	18	57
34	43	34	98
34	44	11	38
34	45	14	46
34	46	24	71
34	47	17	42
34	48	7	21
34	49	8	22
34	50	16	46
34	51	10	26
34	52	9	25
34	53	10	31
34	54	15	46
35	1	24	75
35	2	19	54
35	3	21	63
35	4	11	37
35	5	14	45
35	6	13	43
35	7	13	45
35	8	25	77
35	9	17	58
35	10	24	84
35	11	34	94
35	12	28	104
35	13	28	86
35	14	18	64
35	15	10	31
35	16	6	22
35	17	5	13
35	18	34	110
35	19	4	15
35	20	4	10
35	21	4	10
35	22	16	48
35	23	4	10
35	24	12	35
35	25	13	55
35	26	7	21
35	27	22	75
35	28	17	58
35	29	16	55
35	30	8	32
35	31	16	52
35	32	21	80
35	33	13	46
35	34	11	34
35	35	14	41
35	36	18	56
35	37	25	82
35	38	10	31
35	39	24	80
35	40	33	101
35	41	19	59
35	42	19	64
35	43	26	87
35	44	30	88
35	45	25	74
36	1	2	3
36	2	2	10
36	3	3	12
36	4	3	10
36	5	3	11
36	6	7	25
36	7	8	26
36	8	10	33
36	9	12	44
36	10	8	33
36	11	12	45
36	12	14	44
36	13	8	29
36	14	11	45
36	15	15	43
36	16	6	22
36	17	5	16
36	18	12	43
36	19	9	32
36	20	10	34
36	21	7	21
36	22	8	24
36	23	15	48
36	24	5	12
36	25	4	16
36	26	7	23
36	27	7	21
36	28	13	38
36	29	8	24
36	30	11	33
36	31	11	38
36	32	6	19
36	33	10	42
36	34	10	32
36	35	8	31
36	36	13	45
36	37	9	29
36	38	8	30
36	39	7	28
36	40	15	43
36	41	8	29
36	42	6	18
36	43	9	28
36	44	6	16
36	45	11	36
36	46	11	32
36	47	24	69
36	48	7	23
36	49	8	30
36	50	7	27
36	51	10	29
36	52	12	39
36	53	10	32
36	54	11	34
36	55	7	22
36	56	7	24
36	57	6	17
36	58	5	12
36	59	4	17
36	60	13	40
36	61	5	17
36	62	8	29
36	63	5	17
36	64	5	20
36	65	11	48
36	66	9	35
36	67	10	37
36	68	7	25
36	69	12	35
36	70	8	26
36	71	12	38
36	72	6	27
36	73	6	23
36	74	7	24
36	75	7	26
36	76	9	30
36	77	11	34
36	78	11	31
36	79	10	31
36	80	11	33
36	81	14	49
36	82	10	27
36	83	8	29
37	1	2	6
37	2	2	8
37	3	2	8
37	4	3	11
37	5	7	26
37	6	6	20
37	7	5	15
37	8	9	29
37	9	4	13
37	10	7	24
37	11	12	37
37	12	3	12
37	13	4	12
37	14	4	16
37	15	6	15
37	16	7	25
37	17	2	11
37	18	4	14
37	19	7	23
37	20	5	15
37	21	7	22
37	22	7	26
37	23	7	20
37	24	3	12
37	25	4	10
37	26	4	15
37	27	5	21
37	28	6	21
37	29	5	13
37	30	10	28
37	31	6	20
37	32	4	15
37	33	5	21
37	34	4	17
37	35	10	28
37	36	6	25
37	37	5	18
37	38	4	16
37	39	6	19
37	40	4	13
37	41	4	14
37	42	3	11
37	43	3	7
37	44	3	11
37	45	5	16
37	46	3	12
37	47	7	18
37	48	4	15
37	49	3	12
37	50	5	21
37	51	7	17
37	52	4	16
37	53	7	24
37	54	4	12
37	55	5	16
37	56	5	14
37	57	6	22
37	58	3	11
37	59	6	21
37	60	5	15
37	61	4	17
37	62	6	19
37	63	4	16
37	64	6	19
37	65	4	15
37	66	6	24
37	67	7	20
37	68	5	17
37	69	4	16
37	70	4	15
37	71	5	20
37	72	4	16
37	73	5	19
37	74	4	13
37	75	5	19
37	76	5	21
37	77	4	16
37	78	4	15
37	79	5	13
37	80	4	15
37	81	4	15
37	82	3	12
37	83	4	15
37	84	5	14
37	85	6	20
37	86	5	16
37	87	4	14
37	88	4	12
37	89	3	8
37	90	3	13
37	91	6	21
37	92	4	10
37	93	4	16
37	94	3	13
37	95	4	14
37	96	4	15
37	97	7	20
37	98	5	22
37	99	6	17
37	100	5	11
37	101	3	13
37	102	26	71
37	103	4	16
37	104	3	14
37	105	7	24
37	106	5	15
37	107	3	13
37	108	4	15
37	109	3	10
37	110	3	13
37	111	4	15
37	112	5	20
37	113	10	41
37	114	5	15
37	115	5	23
37	116	4	17
37	117	3	17
37	118	3	16
37	119	4	16
37	120	4	11
37	121	4	15
37	122	4	16
37	123	4	16
37	124	5	15
37	125	5	22
37	126	5	20
37	127	3	16
37	128	4	13
37	129	4	15
37	130	4	10
37	131	4	15
37	132	4	15
37	133	4	14
37	134	4	17
37	135	4	11
37	136	3	11
37	137	4	19
37	138	3	13
37	139	4	15
37	140	5	16
37	141	4	15
37	142	4	15
37	143	5	17
37	144	6	19
37	145	4	17
37	146	5	20
37	147	6	21
37	148	4	14
37	149	5	24
37	150	6	22
37	151	5	17
37	152	4	15
37	153	4	14
37	154	4	12
37	155	2	8
37	156	4	12
37	157	5	19
37	158	10	41
37	159	4	12
37	160	4	13
37	161	3	12
37	162	4	14
37	163	5	12
37	164	6	15
37	165	3	10
37	166	3	13
37	167	3	10
37	168	6	18
37	169	4	14
37	170	4	15
37	171	5	24
37	172	3	13
37	173	4	15
37	174	4	12
37	175	3	16
37	176	2	14
37	177	6	24
37	178	4	12
37	179	3	14
37	180	6	19
37	181	3	12
37	182	4	15
38	1	4	12
38	2	6	16
38	3	10	29
38	4	10	33
38	5	8	25
38	6	12	39
38	7	10	28
38	8	15	39
38	9	7	26
38	10	10	35
38	11	6	19
38	12	8	29
38	13	7	28
38	14	7	18
38	15	10	28
38	16	8	23
38	17	11	33
38	18	7	28
38	19	5	16
38	20	6	28
38	21	7	24
38	22	23	69
38	23	15	48
38	24	32	106
38	25	9	29
38	26	30	90
38	27	16	50
38	28	13	48
38	29	9	40
38	30	7	27
38	31	6	21
38	32	11	34
38	33	6	21
38	34	9	33
38	35	15	39
38	36	8	26
38	37	4	14
38	38	4	16
38	39	7	23
38	40	6	19
38	41	11	35
38	42	6	23
38	43	10	38
38	44	14	44
38	45	8	35
38	46	5	19
38	47	5	24
38	48	8	30
38	49	6	20
38	50	5	19
38	51	7	25
38	52	4	17
38	53	5	15
38	54	7	16
38	55	5	14
38	56	4	18
38	57	4	15
38	58	4	14
38	59	10	30
38	60	11	36
38	61	11	27
38	62	10	25
38	63	6	25
38	64	6	17
38	65	11	30
38	66	7	26
38	67	4	10
38	68	3	12
38	69	9	26
38	70	8	19
38	71	9	26
38	72	9	27
38	73	4	19
38	74	6	21
38	75	14	45
38	76	10	28
38	77	5	16
38	78	6	18
38	79	6	20
38	80	4	14
38	81	4	14
38	82	4	21
38	83	4	16
38	84	4	13
38	85	7	30
38	86	10	30
38	87	5	15
38	88	4	16
39	1	6	20
39	2	10	33
39	3	33	93
39	4	16	47
39	5	23	77
39	6	36	114
39	7	31	103
39	8	34	102
39	9	24	82
39	10	21	69
39	11	9	24
39	12	5	20
39	13	9	24
39	14	6	16
39	15	19	64
39	16	16	50
39	17	12	40
39	18	13	52
39	19	10	32
39	20	20	63
39	21	31	96
39	22	20	62
39	23	34	105
39	24	13	46
39	25	10	33
39	26	12	42
39	27	11	37
39	28	7	24
39	29	19	66
39	30	4	14
39	31	7	27
39	32	15	48
39	33	8	26
39	34	8	26
39	35	12	46
39	36	15	46
39	37	12	31
39	38	36	119
39	39	9	31
39	40	8	27
39	41	18	64
39	42	26	85
39	43	14	38
39	44	11	36
39	45	18	60
39	46	17	55
39	47	25	73
39	48	11	30
39	49	22	67
39	50	11	31
39	51	15	49
39	52	15	49
39	53	20	59
39	54	13	42
39	55	16	53
39	56	14	39
39	57	9	25
39	58	12	33
39	59	10	36
39	60	14	50
39	61	11	36
39	62	9	22
39	63	11	38
39	64	7	26
39	65	14	53
39	66	6	16
39	67	17	65
39	68	22	57
39	69	15	58
39	70	9	29
39	71	34	120
39	72	9	33
39	73	20	71
39	74	16	59
39	75	17	63
40	1	2	3
40	2	6	20
40	3	14	40
40	4	13	37
40	5	21	83
40	6	10	33
40	7	27	104
40	8	16	64
40	9	12	42
40	10	15	54
40	11	13	50
40	12	15	51
40	13	14	41
40	14	8	25
40	15	16	47
40	16	15	45
40	17	13	38
40	18	15	51
40	19	6	21
40	20	15	44
40	21	30	89
40	22	13	50
40	23	6	23
40	24	7	24
40	25	19	61
40	26	18	57
40	27	13	39
40	28	39	122
40	29	26	76
40	30	10	32
40	31	14	44
40	32	6	21
40	33	16	41
40	34	30	88
40	35	23	73
40	36	9	30
40	37	23	75
40	38	8	27
40	39	11	35
40	40	23	74
40	41	9	27
40	42	15	48
40	43	22	65
40	44	12	38
40	45	10	29
40	46	13	47
40	47	19	57
40	48	12	32
40	49	13	39
40	50	16	49
40	51	11	38
40	52	10	35
40	53	8	30
40	54	4	14
40	55	12	45
40	56	23	69
40	57	12	40
40	58	13	46
40	59	11	32
40	60	13	50
40	61	20	58
40	62	12	33
40	63	7	23
40	64	21	76
40	65	14	39
40	66	20	58
40	67	30	98
40	68	12	33
40	69	10	28
40	70	9	35
40	71	6	24
40	72	6	15
40	73	7	20
40	74	17	41
40	75	11	39
40	76	8	32
40	77	14	50
40	78	32	100
40	79	9	33
40	80	12	46
40	81	6	21
40	82	25	78
40	83	15	51
40	84	12	38
40	85	17	55
41	1	2	3
41	2	4	13
41	3	7	28
41	4	7	27
41	5	17	57
41	6	16	60
41	7	8	27
41	8	9	29
41	9	14	51
41	10	15	49
41	11	16	48
41	12	19	66
41	13	9	34
41	14	23	74
41	15	25	78
41	16	19	67
41	17	14	53
41	18	5	18
41	19	8	25
41	20	12	43
41	21	18	62
41	22	20	71
41	23	9	39
41	24	11	36
41	25	25	81
41	26	11	38
41	27	10	40
41	28	14	41
41	29	16	59
41	30	19	65
41	31	16	53
41	32	4	11
41	33	13	40
41	34	17	55
41	35	11	28
41	36	11	38
41	37	19	67
41	38	12	41
41	39	22	70
41	40	26	76
41	41	9	29
41	42	13	38
41	43	17	43
41	44	30	101
41	45	18	60
41	46	11	39
41	47	28	85
41	48	12	28
41	49	11	31
41	50	32	103
41	51	13	42
41	52	17	45
41	53	19	61
41	54	12	32
42	1	2	3
42	2	3	7
42	3	10	32
42	4	10	25
42	5	19	71
42	6	12	41
42	7	22	73
42	8	19	56
42	9	16	44
42	10	15	48
42	11	19	69
42	12	13	44
42	13	38	112
42	14	30	92
42	15	34	126
42	16	18	58
42	17	11	37
42	18	22	69
42	19	9	30
42	20	22	60
42	21	22	65
42	22	24	76
42	23	29	87
42	24	22	69
42	25	12	39
42	26	12	46
42	27	17	55
42	28	13	42
42	29	16	49
42	30	10	32
42	31	14	36
42	32	6	22
42	33	15	46
42	34	7	21
42	35	9	25
42	36	17	54
42	37	10	38
42	38	11	47
42	39	6	22
42	40	14	46
42	41	9	30
42	42	15	48
42	43	8	26
42	44	20	55
42	45	27	91
42	46	16	43
42	47	21	53
42	48	27	94
42	49	15	48
42	50	11	38
42	51	22	61
42	52	27	84
42	53	15	35
43	1	2	3
43	2	2	9
43	3	6	25
43	4	7	21
43	5	8	30
43	6	6	17
43	7	8	22
43	8	7	27
43	9	10	41
43	10	11	38
43	11	12	41
43	12	11	38
43	13	20	65
43	14	4	15
43	15	9	29
43	16	7	25
43	17	12	40
43	18	9	28
43	19	12	50
43	20	15	41
43	21	8	29
43	22	11	33
43	23	21	64
43	24	14	48
43	25	7	29
43	26	9	32
43	27	5	17
43	28	7	28
43	29	9	32
43	30	9	26
43	31	10	33
43	32	25	95
43	33	17	63
43	34	5	23
43	35	12	43
43	36	11	33
43	37	7	31
43	38	11	39
43	39	9	34
43	40	11	31
43	41	6	22
43	42	7	28
43	43	8	28
43	44	6	24
43	45	13	43
43	46	12	42
43	47	7	22
43	48	13	45
43	49	11	35
43	50	7	24
43	51	17	55
43	52	11	26
43	53	11	40
43	54	7	27
43	55	6	29
43	56	4	20
43	57	9	28
43	58	14	39
43	59	10	35
43	60	8	29
43	61	10	36
43	62	7	24
43	63	17	60
43	64	9	28
43	65	11	39
43	66	10	33
43	67	7	30
43	68	8	28
43	69	5	19
43	70	5	24
43	71	15	56
43	72	7	27
43	73	6	21
43	74	6	20
43	75	6	19
43	76	6	20
43	77	8	28
43	78	7	30
43	79	5	17
43	80	11	41
43	81	8	25
43	82	8	27
43	83	8	29
43	84	11	32
43	85	13	49
43	86	13	41
43	87	8	31
43	88	7	22
43	89	6	23
44	1	2	3
44	2	2	9
44	3	8	27
44	4	5	14
44	5	6	18
44	6	7	20
44	7	8	27
44	8	10	31
44	9	5	12
44	10	6	21
44	11	5	13
44	12	6	19
44	13	7	21
44	14	6	20
44	15	6	20
44	16	6	24
44	17	8	31
44	18	9	22
44	19	9	24
44	20	6	21
44	21	5	15
44	22	6	20
44	23	5	19
44	24	6	23
44	25	5	14
44	26	3	11
44	27	4	13
44	28	4	18
44	29	8	27
44	30	7	25
44	31	7	23
44	32	6	22
44	33	7	21
44	34	3	11
44	35	8	24
44	36	5	17
44	37	12	43
44	38	7	26
44	39	8	29
44	40	5	19
44	41	10	25
44	42	8	20
44	43	3	9
44	44	2	7
44	45	4	13
44	46	2	7
44	47	5	17
44	48	7	20
44	49	5	16
44	50	6	16
44	51	5	14
44	52	3	8
44	53	5	24
44	54	4	16
44	55	5	17
44	56	10	33
44	57	7	20
44	58	5	25
44	59	3	14
45	1	2	3
45	2	6	20
45	3	6	23
45	4	9	28
45	5	20	66
45	6	12	41
45	7	4	12
45	8	14	48
45	9	11	34
45	10	19	52
45	11	11	31
45	12	14	53
45	13	16	45
45	14	14	42
45	15	11	38
45	16	13	55
45	17	24	80
45	18	13	43
45	19	15	48
45	20	7	25
45	21	17	59
45	22	13	44
45	23	24	81
45	24	21	57
45	25	16	49
45	26	18	56
45	27	10	41
45	28	14	45
45	29	11	39
45	30	13	47
45	31	12	48
45	32	22	56
45	33	11	30
45	34	14	45
45	35	16	60
45	36	8	28
45	37	8	30
46	1	2	3
46	2	6	20
46	3	15	52
46	4	29	80
46	5	18	51
46	6	9	31
46	7	14	45
46	8	25	74
46	9	24	55
46	10	24	76
46	11	19	57
46	12	16	59
46	13	13	37
46	14	9	30
46	15	45	160
46	16	18	60
46	17	28	88
46	18	17	53
46	19	9	36
46	20	27	102
46	21	25	78
46	22	12	41
46	23	13	44
46	24	18	59
46	25	14	48
46	26	32	104
46	27	10	38
46	28	17	55
46	29	18	62
46	30	19	59
46	31	14	44
46	32	18	51
46	33	22	64
46	34	18	56
46	35	27	83
47	1	8	26
47	2	18	62
47	3	18	58
47	4	38	129
47	5	3	15
47	6	4	18
47	7	9	35
47	8	6	24
47	9	8	29
47	10	16	58
47	11	11	32
47	12	22	78
47	13	14	47
47	14	13	40
47	15	44	137
47	16	24	76
47	17	6	24
47	18	15	53
47	19	14	61
47	20	27	94
47	21	12	38
47	22	10	38
47	23	7	30
47	24	7	26
47	25	16	48
47	26	15	50
47	27	7	35
47	28	10	38
47	29	11	31
47	30	12	57
47	31	8	41
47	32	21	61
47	33	10	34
47	34	15	40
47	35	12	46
47	36	13	51
47	37	6	29
47	38	29	105
48	1	5	14
48	2	15	53
48	3	4	14
48	4	19	64
48	5	19	72
48	6	21	90
48	7	8	27
48	8	5	20
48	9	8	39
48	10	25	81
48	11	37	117
48	12	20	69
48	13	9	33
48	14	14	47
48	15	31	105
48	16	28	99
48	17	27	88
48	18	19	67
48	19	7	26
48	20	18	73
48	21	14	37
48	22	12	38
48	23	12	33
48	24	19	68
48	25	40	141
48	26	28	99
48	27	28	93
48	28	14	44
48	29	54	186
49	1	15	42
49	2	22	78
49	3	17	59
49	4	9	32
49	5	12	39
49	6	17	58
49	7	28	99
49	8	7	21
49	9	30	107
49	10	10	42
49	11	39	119
49	12	31	96
49	13	20	70
49	14	27	84
49	15	18	65
49	16	16	46
49	17	19	60
49	18	10	33
50	1	3	12
50	2	11	33
50	3	7	21
50	4	9	30
50	5	9	25
50	6	12	40
50	7	11	39
50	8	5	18
50	9	10	34
50	10	5	16
50	11	8	31
50	12	7	25
50	13	4	16
50	14	9	31
50	15	10	30
50	16	14	51
50	17	8	28
50	18	8	22
50	19	9	29
50	20	6	17
50	21	6	19
50	22	12	39
50	23	6	15
50	24	6	17
50	25	4	15
50	26	10	30
50	27	10	29
50	28	8	27
50	29	8	24
50	30	9	28
50	31	5	22
50	32	6	16
50	33	7	23
50	34	5	19
50	35	6	17
50	36	15	44
50	37	13	34
50	38	13	40
50	39	12	39
50	40	5	19
50	41	7	22
50	42	7	26
50	43	6	20
50	44	9	31
50	45	13	45
51	1	2	8
51	2	2	9
51	3	2	9
51	4	2	10
51	5	3	11
51	6	3	9
51	7	3	10
51	8	4	14
51	9	4	12
51	10	2	8
51	11	5	14
51	12	4	12
51	13	5	14
51	14	7	25
51	15	5	15
51	16	9	30
51	17	6	16
51	18	3	16
51	19	5	20
51	20	4	15
51	21	4	16
51	22	5	16
51	23	9	31
51	24	6	22
51	25	9	28
51	26	6	19
51	27	5	19
51	28	9	30
51	29	9	33
51	30	8	24
51	31	5	18
51	32	6	19
51	33	5	18
51	34	4	18
51	35	6	20
51	36	7	22
51	37	7	26
51	38	8	27
51	39	6	21
51	40	7	28
51	41	7	22
51	42	9	26
51	43	8	20
51	44	8	32
51	45	7	21
51	46	8	24
51	47	5	21
51	48	4	19
51	49	7	26
51	50	8	20
51	51	11	29
51	52	13	33
51	53	6	17
51	54	5	17
51	55	5	20
51	56	6	22
51	57	9	23
51	58	7	18
51	59	9	34
51	60	7	24
52	1	1	3
52	2	2	8
52	3	3	7
52	4	2	10
52	5	2	9
52	6	2	10
52	7	4	12
52	8	4	8
52	9	4	12
52	10	3	11
52	11	3	16
52	12	5	15
52	13	6	17
52	14	6	18
52	15	6	19
52	16	12	42
52	17	5	15
52	18	8	30
52	19	6	20
52	20	7	26
52	21	19	68
52	22	5	24
52	23	8	23
52	24	7	29
52	25	5	21
52	26	7	19
52	27	6	19
52	28	9	24
52	29	8	27
52	30	7	23
52	31	6	21
52	32	8	27
52	33	6	18
52	34	6	21
52	35	8	21
52	36	7	20
52	37	7	25
52	38	9	36
52	39	5	16
52	40	7	22
52	41	5	19
52	42	7	23
52	43	9	26
52	44	9	27
52	45	7	24
52	46	9	27
52	47	10	34
52	48	10	37
52	49	5	19
53	1	3	8
53	2	5	12
53	3	4	11
53	4	5	10
53	5	3	10
53	6	3	8
53	7	3	12
53	8	3	8
53	9	5	15
53	10	5	14
53	11	5	11
53	12	4	12
53	13	4	14
53	14	3	12
53	15	3	11
53	16	5	13
53	17	5	11
53	18	6	17
53	19	3	13
53	20	3	12
53	21	4	14
53	22	4	11
53	23	25	75
53	24	4	12
53	25	3	13
53	26	18	48
53	27	9	37
53	28	16	39
53	29	11	32
53	30	16	49
53	31	16	48
53	32	31	108
53	33	3	11
53	34	3	11
53	35	5	17
53	36	7	16
53	37	3	10
53	38	5	15
53	39	6	16
53	40	4	12
53	41	4	14
53	42	4	13
53	43	4	14
53	44	4	13
53	45	5	20
53	46	4	10
53	47	4	15
53	48	4	13
53	49	4	11
53	50	4	13
53	51	3	9
53	52	9	27
53	53	2	11
53	54	3	7
53	55	4	13
53	56	5	13
53	57	2	9
53	58	6	15
53	59	4	15
53	60	3	12
53	61	2	9
53	62	3	11
54	1	4	17
54	2	7	25
54	3	6	25
54	4	7	22
54	5	5	16
54	6	8	23
54	7	8	34
54	8	8	25
54	9	9	34
54	10	5	17
54	11	5	20
54	12	9	29
54	13	5	18
54	14	6	20
54	15	6	19
54	16	4	13
54	17	7	25
54	18	6	19
54	19	9	30
54	20	6	23
54	21	4	13
54	22	7	25
54	23	3	11
54	24	10	30
54	25	9	27
54	26	5	18
54	27	7	28
54	28	8	30
54	29	4	17
54	30	4	13
54	31	8	33
54	32	7	25
54	33	4	13
54	34	9	31
54	35	7	22
54	36	5	24
54	37	9	35
54	38	5	21
54	39	3	10
54	40	7	25
54	41	5	16
54	42	7	28
54	43	9	29
54	44	5	17
54	45	4	17
54	46	6	22
54	47	5	16
54	48	9	25
54	49	5	15
54	50	6	21
54	51	6	23
54	52	5	13
54	53	4	15
54	54	5	15
54	55	6	19
55	1	1	5
55	2	2	8
55	3	2	8
55	4	2	8
55	5	3	14
55	6	3	13
55	7	4	16
55	8	4	11
55	9	6	23
55	10	3	14
55	11	5	17
55	12	4	14
55	13	4	15
55	14	5	19
55	15	6	14
55	16	4	15
55	17	4	19
55	18	4	15
55	19	3	15
55	20	4	15
55	21	4	15
55	22	4	18
55	23	4	15
55	24	6	23
55	25	4	15
55	26	4	10
55	27	6	21
55	28	4	15
55	29	10	27
55	30	4	15
55	31	4	15
55	32	4	15
55	33	16	59
55	34	4	15
55	35	8	27
55	36	4	15
55	37	6	22
55	38	4	15
55	39	8	23
55	40	4	15
55	41	6	30
55	42	4	15
55	43	6	21
55	44	5	17
55	45	4	15
55	46	5	16
55	47	4	15
55	48	2	7
55	49	4	15
55	50	3	12
55	51	4	15
55	52	5	15
55	53	4	15
55	54	9	33
55	55	4	15
55	56	9	30
55	57	4	15
55	58	3	15
55	59	4	15
55	60	5	17
55	61	4	15
55	62	3	11
55	63	4	15
55	64	1	6
55	65	4	15
55	66	3	12
55	67	4	15
55	68	4	15
55	69	4	15
55	70	3	10
55	71	4	15
55	72	4	12
55	73	4	15
55	74	6	20
55	75	4	15
55	76	6	21
55	77	4	15
55	78	6	20
56	1	3	11
56	2	3	13
56	3	2	8
56	4	4	11
56	5	3	10
56	6	3	11
56	7	3	13
56	8	5	22
56	9	5	20
56	10	2	9
56	11	2	10
56	12	3	7
56	13	3	10
56	14	3	11
56	15	3	10
56	16	3	14
56	17	4	17
56	18	5	18
56	19	5	16
56	20	3	13
56	21	4	14
56	22	2	5
56	23	3	14
56	24	4	12
56	25	6	17
56	26	4	10
56	27	5	18
56	28	3	8
56	29	2	8
56	30	2	7
56	31	2	7
56	32	2	9
56	33	4	13
56	34	2	9
56	35	3	13
56	36	2	11
56	37	2	7
56	38	2	9
56	39	3	10
56	40	3	11
56	41	5	16
56	42	3	8
56	43	3	9
56	44	4	9
56	45	5	17
56	46	5	17
56	47	9	32
56	48	2	11
56	49	4	15
56	50	5	18
56	51	5	18
56	52	5	15
56	53	3	11
56	54	4	15
56	55	3	11
56	56	4	12
56	57	4	18
56	58	3	11
56	59	5	21
56	60	7	27
56	61	9	28
56	62	6	25
56	63	3	12
56	64	5	20
56	65	6	24
56	66	2	8
56	67	3	10
56	68	4	17
56	69	7	29
56	70	6	22
56	71	4	14
56	72	6	26
56	73	5	23
56	74	4	14
56	75	4	14
56	76	5	18
56	77	3	11
56	78	3	8
56	79	4	13
56	80	4	12
56	81	4	17
56	82	4	20
56	83	4	15
56	84	3	14
56	85	7	25
56	86	5	17
56	87	4	16
56	88	5	15
56	89	4	16
56	90	6	17
56	91	5	16
56	92	6	18
56	93	3	9
56	94	2	9
56	95	5	13
56	96	4	14
57	1	9	28
57	2	11	32
57	3	9	31
57	4	36	103
57	5	8	27
57	6	12	33
57	7	15	56
57	8	15	54
57	9	17	52
57	10	37	115
57	11	12	34
57	12	22	86
57	13	27	98
57	14	20	80
57	15	15	49
57	16	28	93
57	17	13	43
57	18	12	45
57	19	20	77
57	20	39	138
57	21	25	83
57	22	21	52
57	23	15	43
57	24	12	43
57	25	28	108
57	26	14	58
57	27	39	147
57	28	21	71
57	29	22	65
58	1	18	54
58	2	23	78
58	3	21	68
58	4	26	93
58	5	18	62
58	6	15	48
58	7	47	125
58	8	38	129
58	9	19	74
58	10	17	60
58	11	30	95
58	12	22	70
58	13	24	83
58	14	19	58
58	15	10	28
58	16	10	33
58	17	15	46
58	18	17	59
58	19	15	55
58	20	8	26
58	21	9	26
58	22	51	172
59	1	11	30
59	2	40	141
59	3	14	45
59	4	12	37
59	5	13	44
59	6	25	72
59	7	37	116
59	8	18	73
59	9	31	105
59	10	23	76
59	11	28	104
59	12	16	58
59	13	12	38
59	14	23	78
59	15	11	37
59	16	17	51
59	17	10	34
59	18	17	50
59	19	10	36
59	20	10	35
59	21	18	69
59	22	13	35
59	23	19	63
59	24	17	56
60	1	48	174
60	2	13	55
60	3	13	52
60	4	52	180
60	5	13	43
60	6	19	59
60	7	15	48
60	8	21	69
60	9	21	76
60	10	55	197
60	11	21	69
60	12	38	134
60	13	19	60
61	1	11	30
61	2	8	23
61	3	9	23
61	4	11	35
61	5	23	73
61	6	31	96
61	7	16	49
61	8	11	39
61	9	14	47
61	10	11	35
61	11	15	60
61	12	17	63
61	13	9	33
61	14	35	115
62	1	12	36
62	2	21	73
62	3	8	29
62	4	10	29
62	5	23	74
62	6	17	55
62	7	9	34
62	8	18	64
62	9	21	67
62	10	15	50
62	11	21	63
63	1	17	61
63	2	12	37
63	3	11	36
63	4	22	91
63	5	14	54
63	6	18	59
63	7	20	65
63	8	17	72
63	9	17	59
63	10	21	67
63	11	11	33
64	1	17	45
64	2	11	38
64	3	9	41
64	4	14	44
64	5	13	43
64	6	16	60
64	7	18	55
64	8	10	34
64	9	27	99
64	10	11	39
64	11	16	45
64	12	11	40
64	13	9	29
64	14	18	66
64	15	8	33
64	16	16	59
64	17	12	39
64	18	5	20
65	1	41	137
65	2	30	107
65	3	21	62
65	4	28	94
65	5	14	47
65	6	32	126
65	7	25	74
65	8	14	50
65	9	7	25
65	10	16	49
65	11	34	112
65	12	25	77
66	1	14	42
66	2	11	39
66	3	29	94
66	4	21	73
66	5	17	65
66	6	22	77
66	7	11	38
66	8	45	146
66	9	11	47
66	10	27	87
66	11	24	77
66	12	17	63
67	1	9	26
67	2	11	44
67	3	18	50
67	4	10	36
67	5	12	47
67	6	7	28
67	7	8	20
67	8	13	45
67	9	18	46
67	10	11	28
67	11	5	23
67	12	9	33
67	13	9	28
67	14	7	21
67	15	14	42
67	16	11	31
67	17	12	39
67	18	8	26
67	19	15	50
67	20	15	41
67	21	12	34
67	22	12	38
67	23	12	43
67	24	8	26
67	25	7	23
67	26	9	26
67	27	13	40
67	28	15	46
67	29	13	41
67	30	10	35
68	1	4	14
68	2	5	17
68	3	5	16
68	4	4	13
68	5	2	12
68	6	2	10
68	7	11	36
68	8	3	11
68	9	4	14
68	10	5	13
68	11	3	10
68	12	4	15
68	13	4	12
68	14	5	11
68	15	7	24
68	16	3	12
68	17	10	40
68	18	2	8
68	19	7	21
68	20	2	10
68	21	2	10
68	22	7	21
68	23	3	14
68	24	6	20
68	25	4	13
68	26	5	15
68	27	3	10
68	28	7	24
68	29	6	17
68	30	5	21
68	31	5	14
68	32	10	29
68	33	8	31
68	34	6	21
68	35	3	19
68	36	4	12
68	37	5	15
68	38	5	14
68	39	12	39
68	40	4	15
68	41	8	29
68	42	9	30
68	43	11	41
68	44	10	37
68	45	5	15
68	46	7	22
68	47	5	19
68	48	11	34
68	49	10	34
68	50	5	19
68	51	12	47
68	52	5	15
69	1	1	5
69	2	2	5
69	3	4	11
69	4	4	16
69	5	4	16
69	6	6	21
69	7	15	55
69	8	5	13
69	9	6	29
69	10	6	25
69	11	7	21
69	12	6	26
69	13	6	17
69	14	6	25
69	15	3	15
69	16	5	19
69	17	9	38
69	18	6	22
69	19	9	31
69	20	5	16
69	21	4	11
69	22	3	8
69	23	2	8
69	24	8	27
69	25	10	34
69	26	4	12
69	27	3	13
69	28	4	10
69	29	3	11
69	30	2	7
69	31	3	9
69	32	7	24
69	33	6	17
69	34	5	15
69	35	5	16
69	36	5	13
69	37	4	12
69	38	4	13
69	39	3	8
69	40	4	13
69	41	7	20
69	42	6	18
69	43	4	12
69	44	5	19
69	45	3	13
69	46	4	14
69	47	6	17
69	48	3	16
69	49	5	18
69	50	4	16
69	51	3	11
69	52	4	14
70	1	4	13
70	2	4	14
70	3	4	10
70	4	11	38
70	5	3	10
70	6	3	12
70	7	2	7
70	8	4	14
70	9	3	13
70	10	4	11
70	11	9	35
70	12	2	10
70	13	3	11
70	14	6	17
70	15	3	7
70	16	2	7
70	17	4	13
70	18	2	8
70	19	4	13
70	20	4	10
70	21	4	13
70	22	2	7
70	23	5	17
70	24	5	17
70	25	2	10
70	26	4	15
70	27	6	18
70	28	5	16
70	29	4	16
70	30	10	35
70	31	7	23
70	32	5	22
70	33	4	17
70	34	5	18
70	35	4	13
70	36	5	18
70	37	5	15
70	38	8	26
70	39	5	16
70	40	7	27
70	41	8	25
70	42	8	29
70	43	9	32
70	44	9	34
71	1	14	44
71	2	6	17
71	3	5	16
71	4	18	55
71	5	7	20
71	6	5	16
71	7	14	61
71	8	4	13
71	9	7	25
71	10	6	21
71	11	4	15
71	12	9	37
71	13	6	15
71	14	3	12
71	15	8	24
71	16	7	23
71	17	5	17
71	18	5	20
71	19	5	16
71	20	4	14
71	21	13	38
71	22	3	10
71	23	13	40
71	24	8	23
71	25	12	37
71	26	10	27
71	27	10	30
71	28	15	54
72	1	13	37
72	2	9	26
72	3	9	25
72	4	7	20
72	5	10	27
72	6	11	36
72	7	9	26
72	8	8	30
72	9	13	42
72	10	13	36
72	11	9	26
72	12	11	29
72	13	14	41
72	14	10	38
72	15	5	19
72	16	7	26
72	17	10	35
72	18	8	23
72	19	10	30
72	20	8	21
72	21	8	19
72	22	12	33
72	23	16	48
72	24	11	35
72	25	11	29
72	26	7	22
72	27	13	38
72	28	13	43
73	1	2	9
73	2	4	10
73	3	5	15
73	4	6	21
73	5	5	16
73	6	8	22
73	7	6	14
73	8	6	22
73	9	9	29
73	10	7	23
73	11	6	26
73	12	4	14
73	13	5	15
73	14	8	30
73	15	11	40
73	16	6	23
73	17	8	29
73	18	6	21
73	19	9	26
73	20	78	250
74	1	2	9
74	2	2	7
74	3	2	8
74	4	2	9
74	5	2	8
74	6	3	12
74	7	2	9
74	8	4	10
74	9	4	15
74	10	4	13
74	11	4	13
74	12	4	13
74	13	2	7
74	14	3	10
74	15	4	11
74	16	5	15
74	17	2	9
74	18	3	10
74	19	3	10
74	20	4	11
74	21	2	5
74	22	3	9
74	23	3	12
74	24	6	16
74	25	5	13
74	26	2	8
74	27	4	10
74	28	4	9
74	29	2	9
74	30	3	11
74	31	57	182
74	32	2	7
74	33	3	10
74	34	3	10
74	35	3	11
74	36	2	8
74	37	7	23
74	38	5	15
74	39	3	10
74	40	3	10
74	41	2	8
74	42	4	10
74	43	5	13
74	44	4	14
74	45	4	13
74	46	4	13
74	47	3	9
74	48	4	16
74	49	5	17
74	50	3	15
74	51	3	10
74	52	9	27
74	53	5	13
74	54	3	10
74	55	3	9
74	56	11	34
75	1	4	14
75	2	4	14
75	3	5	20
75	4	6	16
75	5	5	19
75	6	4	14
75	7	3	10
75	8	2	8
75	9	3	12
75	10	5	20
75	11	3	6
75	12	4	16
75	13	6	23
75	14	5	17
75	15	3	11
75	16	6	18
75	17	4	16
75	18	4	17
75	19	4	12
75	20	4	13
75	21	2	10
75	22	3	12
75	23	3	9
75	24	3	13
75	25	5	15
75	26	4	11
75	27	3	7
75	28	3	10
75	29	3	10
75	30	4	14
75	31	4	9
75	32	3	11
75	33	5	15
75	34	3	9
75	35	4	11
75	36	5	18
75	37	6	15
75	38	5	15
75	39	5	20
75	40	7	21
76	1	11	29
76	2	10	37
76	3	7	21
76	4	6	26
76	5	8	26
76	6	7	24
76	7	7	25
76	8	7	26
76	9	10	31
76	10	7	20
76	11	8	29
76	12	5	17
76	13	10	30
76	14	6	27
76	15	8	30
76	16	5	17
76	17	6	22
76	18	4	13
76	19	9	40
76	20	7	23
76	21	13	49
76	22	8	23
76	23	6	22
76	24	9	28
76	25	5	17
76	26	7	23
76	27	8	31
76	28	9	39
76	29	9	26
76	30	11	27
76	31	10	32
77	1	2	10
77	2	2	9
77	3	2	8
77	4	2	9
77	5	2	10
77	6	3	8
77	7	3	11
77	8	3	10
77	9	3	10
77	10	3	11
77	11	3	10
77	12	3	9
77	13	2	8
77	14	5	14
77	15	3	15
77	16	3	12
77	17	3	13
77	18	3	15
77	19	3	15
77	20	5	13
77	21	4	13
77	22	3	9
77	23	3	14
77	24	3	15
77	25	4	14
77	26	2	9
77	27	7	26
77	28	3	15
77	29	6	19
77	30	6	16
77	31	6	14
77	32	4	15
77	33	3	11
77	34	3	15
77	35	4	11
77	36	4	16
77	37	3	15
77	38	5	21
77	39	5	15
77	40	3	15
77	41	5	15
77	42	3	12
77	43	6	20
77	44	4	15
77	45	3	15
77	46	5	18
77	47	3	15
77	48	6	17
77	49	3	15
77	50	4	15
78	1	2	8
78	2	3	9
78	3	4	13
78	4	2	8
78	5	3	10
78	6	4	14
78	7	2	9
78	8	2	11
78	9	3	13
78	10	3	11
78	11	3	11
78	12	4	16
78	13	3	11
78	14	5	19
78	15	4	13
78	16	2	8
78	17	5	14
78	18	6	19
78	19	4	16
78	20	4	16
78	21	4	13
78	22	2	6
78	23	3	10
78	24	6	15
78	25	3	9
78	26	2	6
78	27	5	14
78	28	3	11
78	29	4	14
78	30	5	15
78	31	3	11
78	32	2	9
78	33	2	9
78	34	2	7
78	35	6	16
78	36	5	13
78	37	10	34
78	38	14	43
78	39	9	25
78	40	15	53
79	1	2	8
79	2	2	8
79	3	2	8
79	4	2	8
79	5	2	10
79	6	3	11
79	7	2	9
79	8	3	12
79	9	2	9
79	10	5	19
79	11	4	12
79	12	5	14
79	13	4	13
79	14	3	10
79	15	4	10
79	16	6	19
79	17	5	16
79	18	6	13
79	19	4	15
79	20	3	12
79	21	2	7
79	22	3	9
79	23	2	7
79	24	4	13
79	25	5	19
79	26	6	17
79	27	6	19
79	28	3	11
79	29	4	17
79	30	4	14
79	31	4	15
79	32	2	9
79	33	3	14
79	34	4	13
79	35	5	16
79	36	4	14
79	37	3	7
79	38	3	11
79	39	4	12
79	40	9	24
79	41	4	12
79	42	5	17
79	43	4	11
79	44	3	10
79	45	5	16
79	46	9	30
80	1	2	7
80	2	3	9
80	3	4	13
80	4	4	15
80	5	3	8
80	6	3	9
80	7	4	11
80	8	4	11
80	9	2	6
80	10	3	10
80	11	3	10
80	12	3	9
80	13	3	9
80	14	2	10
80	15	2	8
80	16	2	7
80	17	4	14
80	18	4	9
80	19	4	14
80	20	3	9
80	21	3	12
80	22	4	11
80	23	5	12
80	24	4	17
80	25	4	11
80	26	4	12
80	27	3	10
80	28	2	8
80	29	2	9
80	30	2	8
80	31	2	8
80	32	3	14
80	33	3	9
80	34	5	15
80	35	2	8
80	36	2	10
80	37	6	22
80	38	3	13
80	39	2	11
80	40	4	17
80	41	2	9
80	42	4	16
81	1	3	9
81	2	3	11
81	3	3	11
81	4	3	11
81	5	3	11
81	6	3	11
81	7	3	10
81	8	3	13
81	9	3	9
81	10	3	10
81	11	3	10
81	12	3	11
81	13	3	12
81	14	4	13
81	15	3	11
81	16	2	9
81	17	3	10
81	18	3	10
81	19	4	13
81	20	6	15
81	21	3	8
81	22	3	12
81	23	4	16
81	24	5	14
81	25	5	15
81	26	2	9
81	27	5	15
81	28	5	16
81	29	8	22
82	1	3	10
82	2	3	13
82	3	3	11
82	4	3	12
82	5	5	17
82	6	6	21
82	7	4	16
82	8	6	12
82	9	4	12
82	10	3	13
82	11	2	7
82	12	3	11
82	13	4	12
82	14	4	12
82	15	3	11
82	16	4	12
82	17	5	12
82	18	6	13
82	19	9	30
83	1	2	10
83	2	6	19
83	3	5	18
83	4	5	17
83	5	2	7
83	6	5	16
83	7	6	16
83	8	4	10
83	9	2	7
83	10	3	15
83	11	4	15
83	12	7	19
83	13	7	24
83	14	8	20
83	15	6	22
83	16	4	13
83	17	7	20
83	18	6	18
83	19	4	11
83	20	2	7
83	21	2	11
83	22	4	12
83	23	3	12
83	24	5	17
83	25	4	13
83	26	6	26
83	27	3	11
83	28	4	15
83	29	8	24
83	30	4	14
83	31	6	22
83	32	6	20
83	33	4	15
83	34	6	22
83	35	3	12
83	36	6	17
84	1	3	9
84	2	3	13
84	3	3	10
84	4	4	13
84	5	3	13
84	6	8	28
84	7	5	16
84	8	4	14
84	9	4	16
84	10	6	18
84	11	3	10
84	12	2	7
84	13	5	14
84	14	5	11
84	15	6	14
84	16	3	10
84	17	3	9
84	18	3	10
84	19	4	14
84	20	4	11
84	21	6	22
84	22	4	13
84	23	4	12
84	24	3	13
84	25	9	29
85	1	3	10
85	2	2	10
85	3	2	9
85	4	3	12
85	5	3	9
85	6	4	11
85	7	6	21
85	8	9	28
85	9	10	29
85	10	14	50
85	11	14	47
85	12	4	12
85	13	4	13
85	14	3	11
85	15	3	9
85	16	3	8
85	17	4	12
85	18	2	9
85	19	5	13
85	20	4	12
85	21	4	11
85	22	3	8
86	1	2	8
86	2	4	10
86	3	2	7
86	4	6	16
86	5	4	16
86	6	4	9
86	7	5	17
86	8	4	13
86	9	3	10
86	10	6	14
86	11	3	9
86	12	3	10
86	13	3	10
86	14	3	9
86	15	3	11
86	16	2	7
86	17	4	19
87	1	4	12
87	2	3	9
87	3	3	9
87	4	3	11
87	5	3	11
87	6	3	11
87	7	9	23
87	8	2	11
87	9	4	12
87	10	3	10
87	11	2	11
87	12	4	12
87	13	6	13
87	14	4	11
87	15	4	12
87	16	4	14
87	17	3	13
87	18	5	12
87	19	3	11
88	1	4	13
88	2	3	12
88	3	2	8
88	4	3	9
88	5	4	12
88	6	6	16
88	7	6	14
88	8	3	12
88	9	2	9
88	10	3	8
88	11	4	11
88	12	3	9
88	13	3	10
88	14	2	10
88	15	2	10
88	16	2	9
88	17	6	21
88	18	4	13
88	19	4	14
88	20	4	14
88	21	4	14
88	22	3	14
88	23	4	11
88	24	4	17
88	25	3	11
88	26	4	13
89	1	1	5
89	2	2	7
89	3	2	9
89	4	3	9
89	5	6	14
89	6	6	17
89	7	3	9
89	8	6	18
89	9	5	16
89	10	3	12
89	11	4	12
89	12	3	11
89	13	5	17
89	14	3	12
89	15	11	40
89	16	10	32
89	17	5	13
89	18	5	16
89	19	4	14
89	20	4	12
89	21	6	15
89	22	5	15
89	23	9	36
89	24	4	16
89	25	5	18
89	26	4	12
89	27	3	15
89	28	5	18
89	29	3	8
89	30	2	7
90	1	4	12
90	2	4	13
90	3	3	9
90	4	5	16
90	5	6	19
90	6	4	13
90	7	5	14
90	8	4	13
90	9	2	10
90	10	2	11
90	11	3	11
90	12	4	12
90	13	2	6
90	14	6	16
90	15	3	9
90	16	4	12
90	17	9	33
90	18	3	14
90	19	6	22
90	20	3	12
91	1	2	8
91	2	3	10
91	3	3	9
91	4	3	10
91	5	3	9
91	6	3	10
91	7	3	9
91	8	3	15
91	9	4	11
91	10	4	10
91	11	3	12
91	12	3	10
91	13	7	21
91	14	7	34
91	15	3	9
92	1	3	9
92	2	3	9
92	3	4	13
92	4	3	10
92	5	4	11
92	6	2	9
92	7	2	12
92	8	4	13
92	9	2	9
92	10	2	12
92	11	6	16
92	12	3	10
92	13	4	15
92	14	3	13
92	15	4	11
92	16	3	10
92	17	2	11
92	18	4	13
92	19	6	18
92	20	5	16
92	21	2	8
93	1	1	3
93	2	3	8
93	3	5	12
93	4	5	17
93	5	4	16
93	6	4	12
93	7	3	10
93	8	3	12
93	9	4	13
93	10	4	12
93	11	4	15
94	1	4	13
94	2	3	12
94	3	3	11
94	4	3	11
94	5	4	12
94	6	4	11
94	7	3	11
94	8	3	10
95	1	2	8
95	2	2	6
95	3	3	11
95	4	6	21
95	5	4	15
95	6	9	30
95	7	4	13
95	8	4	16
96	1	5	15
96	2	4	13
96	3	3	13
96	4	3	11
96	5	5	15
96	6	4	13
96	7	3	8
96	8	4	10
96	9	3	10
96	10	3	7
96	11	5	14
96	12	3	9
96	13	4	14
96	14	5	14
96	15	6	20
96	16	3	12
96	17	2	9
96	18	2	9
96	19	5	16
97	1	5	17
97	2	5	15
97	3	6	19
97	4	9	29
97	5	5	14
98	1	12	45
98	2	6	18
98	3	3	9
98	4	11	33
98	5	16	52
98	6	16	50
98	7	9	30
98	8	21	66
99	1	4	16
99	2	3	15
99	3	4	11
99	4	3	14
99	5	4	11
99	6	6	25
99	7	6	20
99	8	6	19
100	1	2	9
100	2	2	9
100	3	2	9
100	4	3	10
100	5	3	10
100	6	4	15
100	7	4	13
100	8	4	15
100	9	7	19
100	10	4	9
100	11	5	18
101	1	1	6
101	2	2	6
101	3	4	12
101	4	5	18
101	5	4	18
101	6	4	14
101	7	4	11
101	8	4	13
101	9	2	8
101	10	4	10
101	11	2	6
102	1	2	9
102	2	3	11
102	3	3	10
102	4	4	12
102	5	5	16
102	6	2	9
102	7	4	15
102	8	5	17
103	1	1	5
103	2	4	12
103	3	9	34
104	1	4	14
104	2	4	13
104	3	4	14
104	4	4	14
104	5	4	12
104	6	3	9
104	7	4	14
104	8	3	12
104	9	3	9
105	1	7	22
105	2	5	17
105	3	4	17
105	4	4	15
105	5	3	14
106	1	2	8
106	2	4	16
106	3	4	14
106	4	7	22
107	1	4	14
107	2	4	13
107	3	5	15
107	4	2	10
107	5	5	16
107	6	3	10
107	7	2	10
108	1	3	13
108	2	3	11
108	3	4	13
109	1	3	11
109	2	4	11
109	3	5	15
109	4	5	12
109	5	5	15
109	6	4	11
110	1	5	14
110	2	7	21
110	3	7	26
111	1	5	13
111	2	6	15
111	3	4	11
111	4	3	14
111	5	5	11
112	1	4	9
112	2	2	6
112	3	4	11
112	4	5	13
113	1	4	12
113	2	4	8
113	3	5	13
113	4	5	14
113	5	5	13
114	1	4	10
114	2	2	5
114	3	2	5
114	4	4	13
114	5	5	14
114	6	3	9
